tree,input,n,height,avg_depth,ns_per_insert,ns_per_search,rotations_per_insert
bst,random,64,10,4.9688,76.83,17.58,0.0000
avl,random,64,7,4.2969,82.67,14.33,0.6719
bst,sorted,64,64,31.5000,92.45,85.28,0.0000
avl,sorted,64,7,4.1250,29.30,7.81,0.8906
bst,random,128,13,6.5391,29.95,21.48,0.0000
avl,random,128,8,5.1797,52.41,14.65,0.7031
bst,sorted,128,128,63.5000,171.23,149.41,0.0000
avl,sorted,128,8,5.0703,27.34,5.21,0.9375
bst,random,256,17,8.2148,30.11,23.11,0.0000
avl,random,256,9,6.1992,47.36,14.97,0.7227
bst,sorted,256,256,127.5000,294.60,297.20,0.0000
avl,sorted,256,9,6.0391,26.70,5.37,0.9648
bst,random,512,16,8.8965,29.87,23.44,0.0000
avl,random,512,11,7.2227,49.07,16.20,0.6230
bst,sorted,512,512,255.5000,600.83,658.77,0.0000
avl,sorted,512,10,7.0215,32.55,5.54,0.9805
bst,random,1024,26,11.5928,45.82,35.08,0.0000
avl,random,1024,12,8.2461,64.90,20.79,0.7266
bst,sorted,1024,1024,511.5000,1302.78,1232.75,0.0000
avl,sorted,1024,11,8.0117,31.66,5.74,0.9893
bst,random,2048,25,13.8540,49.87,40.32,0.0000
avl,random,2048,13,9.2202,66.59,22.38,0.7256
bst,sorted,2048,2048,1023.5000,889.93,1448.95,0.0000
avl,sorted,2048,12,9.0063,28.50,6.04,0.9941
bst,random,4096,29,14.0337,46.26,36.14,0.0000
avl,random,4096,14,10.2344,64.65,21.58,0.7053
bst,sorted,4096,4096,2047.5000,4503.37,4468.83,0.0000
avl,sorted,4096,13,10.0034,30.94,7.11,0.9968
bst,random,8192,30,15.1733,51.26,43.65,0.0000
avl,random,8192,16,11.3228,70.74,27.07,0.7051
bst,sorted,8192,8192,4095.5000,9500.33,9575.82,0.0000
avl,sorted,8192,14,11.0018,32.38,13.08,0.9983
bst,random,16384,34,17.1266,57.49,54.95,0.0000
avl,random,16384,17,12.3682,77.38,33.14,0.7086
bst,sorted,16384,16384,8191.5000,20168.81,20504.98,0.0000
avl,sorted,16384,15,12.0010,34.98,19.40,0.9991
bst,random,32768,36,18.2128,64.97,61.57,0.0000
avl,random,32768,18,13.2855,88.00,35.35,0.7002
bst,sorted,32768,32768,16383.5000,39725.19,41112.28,0.0000
avl,sorted,32768,16,13.0005,37.72,27.65,0.9995
bst,random,65536,39,18.9002,72.07,69.57,0.0000
avl,random,65536,19,14.3283,100.96,40.04,0.6910
avl,sorted,65536,17,14.0003,48.19,32.62,0.9997
bst,random,131072,42,20.0462,79.40,78.49,0.0000
avl,random,131072,20,15.3381,113.03,46.04,0.6994
avl,sorted,131072,18,15.0001,60.61,36.37,0.9999
bst,random,262144,47,22.1090,96.61,102.35,0.0000
avl,random,262144,21,16.3335,126.52,51.70,0.6988
avl,sorted,262144,19,16.0001,76.90,41.57,0.9999
bst,random,524288,47,23.3907,105.81,119.29,0.0000
avl,random,524288,23,17.3406,149.15,59.85,0.6990
avl,sorted,524288,20,17.0000,91.93,66.63,1.0000
bst,random,1048576,51,24.1862,136.95,178.35,0.0000
avl,random,1048576,24,18.4259,196.34,87.06,0.6993
avl,sorted,1048576,21,18.0000,108.08,141.82,1.0000
