graph,V,E,ns_csr,ns_matrix,bytes_csr,bytes_matrix
V4096,4096,4096,11875,3786750,65544,16777216
V4096,4096,8192,25500,3937333,98312,16777216
V4096,4096,16384,37583,3959917,163848,16777216
V4096,4096,32768,59333,4094375,294920,16777216
V4096,4096,65536,100250,4392000,557064,16777216
V4096,4096,131072,157417,4956458,1081352,16777216
V4096,4096,262144,242416,6094209,2129928,16777216
V4096,4096,524288,407000,8438042,4227080,16777216
V4096,4096,1048576,757167,12831208,8421384,16777216
V4096,4096,2097152,1779083,24360541,16809992,16777216
V4096,4096,4194304,2854875,45091500,33587208,16777216
V4096,4096,8386560,4266792,3864625,67125256,16777216
