method,n,ns_per_elem
floyd_build_random,1024,1.587
push_n_times_random,1024,6.918
floyd_build_descending,1024,0.936
push_n_times_descending,1024,3.540
floyd_build_random,2048,1.201
push_n_times_random,2048,5.961
floyd_build_descending,2048,0.773
push_n_times_descending,2048,4.150
floyd_build_random,4096,1.221
push_n_times_random,4096,5.839
floyd_build_descending,4096,0.671
push_n_times_descending,4096,4.089
floyd_build_random,8192,1.129
push_n_times_random,8192,6.007
floyd_build_descending,8192,0.656
push_n_times_descending,8192,4.242
floyd_build_random,16384,1.602
push_n_times_random,16384,6.363
floyd_build_descending,16384,0.661
push_n_times_descending,16384,4.855
floyd_build_random,32768,1.651
push_n_times_random,32768,6.591
floyd_build_descending,32768,0.699
push_n_times_descending,32768,5.375
floyd_build_random,65536,2.204
push_n_times_random,65536,6.936
floyd_build_descending,65536,0.750
push_n_times_descending,65536,5.402
floyd_build_random,131072,2.204
push_n_times_random,131072,6.894
floyd_build_descending,131072,0.738
push_n_times_descending,131072,6.087
floyd_build_random,262144,2.205
push_n_times_random,262144,7.051
floyd_build_descending,262144,0.770
push_n_times_descending,262144,6.347
floyd_build_random,524288,2.289
push_n_times_random,524288,7.047
floyd_build_descending,524288,0.803
push_n_times_descending,524288,6.288
floyd_build_random,1048576,2.309
push_n_times_random,1048576,7.043
floyd_build_descending,1048576,0.815
push_n_times_descending,1048576,6.545
floyd_build_random,2097152,2.344
push_n_times_random,2097152,7.207
floyd_build_descending,2097152,0.807
push_n_times_descending,2097152,6.947
floyd_build_random,4194304,2.372
push_n_times_random,4194304,7.114
floyd_build_descending,4194304,0.808
push_n_times_descending,4194304,6.545
floyd_build_random,8388608,2.506
push_n_times_random,8388608,7.071
floyd_build_descending,8388608,0.845
push_n_times_descending,8388608,7.130
floyd_build_random,16777216,2.556
push_n_times_random,16777216,7.088
floyd_build_descending,16777216,0.999
push_n_times_descending,16777216,7.234
