algo,data,n,avg_cmp,max_cmp
linear,arithmetic,16,8.413,16
binary,arithmetic,16,5.774,9
interpolation,arithmetic,16,2.000,2
jump,arithmetic,16,4.731,7
exponential,arithmetic,16,7.133,10
ternary,arithmetic,16,6.211,9
linear,arithmetic,64,32.340,64
binary,arithmetic,64,9.295,13
interpolation,arithmetic,64,2.000,2
jump,arithmetic,64,8.916,15
exponential,arithmetic,64,12.190,16
ternary,arithmetic,64,10.217,14
linear,arithmetic,256,126.433,256
binary,arithmetic,256,13.088,17
interpolation,arithmetic,256,2.000,2
jump,arithmetic,256,16.881,31
exponential,arithmetic,256,17.738,22
ternary,arithmetic,256,15.204,21
linear,arithmetic,1024,508.916,1024
binary,arithmetic,1024,17.032,21
interpolation,arithmetic,1024,2.000,2
jump,arithmetic,1024,32.968,63
exponential,arithmetic,1024,23.509,28
ternary,arithmetic,1024,19.619,25
linear,arithmetic,4096,2055.731,4096
binary,arithmetic,4096,21.076,25
interpolation,arithmetic,4096,2.000,2
jump,arithmetic,4096,65.123,127
exponential,arithmetic,4096,29.515,34
ternary,arithmetic,4096,24.139,29
linear,arithmetic,16384,8240.089,16367
binary,arithmetic,16384,25.118,27
interpolation,arithmetic,16384,2.000,2
jump,arithmetic,16384,130.163,252
exponential,arithmetic,16384,35.667,40
ternary,arithmetic,16384,28.521,34
binary,arithmetic,65536,28.920,31
interpolation,arithmetic,65536,2.000,2
jump,arithmetic,65536,252.726,509
exponential,arithmetic,65536,41.372,46
ternary,arithmetic,65536,33.609,41
binary,arithmetic,262144,33.008,35
interpolation,arithmetic,262144,2.000,2
jump,arithmetic,262144,510.779,1011
exponential,arithmetic,262144,47.443,52
ternary,arithmetic,262144,38.112,45
binary,arithmetic,1048576,37.064,39
interpolation,arithmetic,1048576,2.000,2
jump,arithmetic,1048576,1031.271,2036
exponential,arithmetic,1048576,53.472,58
ternary,arithmetic,1048576,42.584,49
linear,uniform_random,16,8.418,16
binary,uniform_random,16,5.774,9
interpolation,uniform_random,16,4.085,8
jump,uniform_random,16,4.733,7
exponential,uniform_random,16,7.135,10
ternary,uniform_random,16,6.207,9
linear,uniform_random,64,32.255,64
binary,uniform_random,64,9.287,13
interpolation,uniform_random,64,6.561,14
jump,uniform_random,64,8.885,15
exponential,uniform_random,64,12.176,16
ternary,uniform_random,64,10.177,14
linear,uniform_random,256,126.517,256
binary,uniform_random,256,13.112,17
interpolation,uniform_random,256,7.577,20
jump,uniform_random,256,16.918,31
exponential,uniform_random,256,17.729,22
ternary,uniform_random,256,15.232,21
linear,uniform_random,1024,500.753,1024
binary,uniform_random,1024,17.128,21
interpolation,uniform_random,1024,8.445,20
jump,uniform_random,1024,32.755,63
exponential,uniform_random,1024,23.521,28
ternary,uniform_random,1024,19.520,25
linear,uniform_random,4096,2073.738,4096
binary,uniform_random,4096,21.013,25
interpolation,uniform_random,4096,9.793,23
jump,uniform_random,4096,65.019,127
exponential,uniform_random,4096,29.714,34
ternary,uniform_random,4096,23.877,29
linear,uniform_random,16384,8293.105,16372
binary,uniform_random,16384,25.062,27
interpolation,uniform_random,16384,11.194,29
jump,uniform_random,16384,129.779,253
exponential,uniform_random,16384,35.633,40
ternary,uniform_random,16384,28.476,34
binary,uniform_random,65536,28.939,31
interpolation,uniform_random,65536,10.890,26
jump,uniform_random,65536,256.332,507
exponential,uniform_random,65536,41.666,46
ternary,uniform_random,65536,33.908,41
binary,uniform_random,262144,33.032,35
interpolation,uniform_random,262144,11.759,32
jump,uniform_random,262144,506.673,1017
exponential,uniform_random,262144,47.312,52
ternary,uniform_random,262144,38.224,45
binary,uniform_random,1048576,36.924,39
interpolation,uniform_random,1048576,11.649,29
jump,uniform_random,1048576,1018.789,2032
exponential,uniform_random,1048576,53.438,58
ternary,uniform_random,1048576,42.458,49
linear,skewed_x4,16,8.413,16
binary,skewed_x4,16,5.774,9
interpolation,skewed_x4,16,12.886,23
jump,skewed_x4,16,4.731,7
exponential,skewed_x4,16,7.133,10
ternary,skewed_x4,16,6.211,9
linear,skewed_x4,64,32.340,64
binary,skewed_x4,64,9.295,13
interpolation,skewed_x4,64,28.790,68
jump,skewed_x4,64,8.916,15
exponential,skewed_x4,64,12.190,16
ternary,skewed_x4,64,10.217,14
linear,skewed_x4,256,126.433,256
binary,skewed_x4,256,13.088,17
interpolation,skewed_x4,256,61.696,191
jump,skewed_x4,256,16.881,31
exponential,skewed_x4,256,17.738,22
ternary,skewed_x4,256,15.204,21
linear,skewed_x4,1024,508.916,1024
binary,skewed_x4,1024,17.032,21
interpolation,skewed_x4,1024,123.808,542
jump,skewed_x4,1024,32.968,63
exponential,skewed_x4,1024,23.509,28
ternary,skewed_x4,1024,19.619,25
linear,skewed_x4,4096,2055.731,4096
binary,skewed_x4,4096,21.076,25
interpolation,skewed_x4,4096,251.828,1535
jump,skewed_x4,4096,65.123,127
exponential,skewed_x4,4096,29.515,34
ternary,skewed_x4,4096,24.139,29
linear,skewed_x4,16384,8240.089,16367
binary,skewed_x4,16384,25.118,27
interpolation,skewed_x4,16384,477.361,4280
jump,skewed_x4,16384,130.163,252
exponential,skewed_x4,16384,35.667,40
ternary,skewed_x4,16384,28.521,34
binary,skewed_x4,65536,28.920,31
interpolation,skewed_x4,65536,940.458,11717
jump,skewed_x4,65536,252.726,509
exponential,skewed_x4,65536,41.372,46
ternary,skewed_x4,65536,33.609,41
binary,skewed_x4,262144,33.008,35
interpolation,skewed_x4,262144,1721.809,21128
jump,skewed_x4,262144,510.779,1011
exponential,skewed_x4,262144,47.443,52
ternary,skewed_x4,262144,38.112,45
binary,skewed_x4,1048576,37.064,39
interpolation,skewed_x4,1048576,1746.206,18101
jump,skewed_x4,1048576,1031.271,2036
exponential,skewed_x4,1048576,53.472,58
ternary,skewed_x4,1048576,42.584,49
