algo,n,bytes,ns_per_query
linear,16,64,5.628
binary,16,64,5.799
branchless,16,64,2.071
eytzinger,16,64,3.442
interpolation,16,64,6.696
eytzinger_unclamped,16,64,2.855
linear,24,96,7.250
binary,24,96,7.865
branchless,24,96,2.538
eytzinger,24,96,4.941
interpolation,24,96,4.998
eytzinger_unclamped,24,96,4.478
linear,32,128,8.441
binary,32,128,6.993
branchless,32,128,2.501
eytzinger,32,128,3.252
interpolation,32,128,9.660
eytzinger_unclamped,32,128,2.598
linear,48,192,10.419
binary,48,192,9.411
branchless,48,192,3.165
eytzinger,48,192,6.276
interpolation,48,192,9.050
eytzinger_unclamped,48,192,5.510
linear,64,256,12.759
binary,64,256,8.115
branchless,64,256,3.146
eytzinger,64,256,3.421
interpolation,64,256,11.944
eytzinger_unclamped,64,256,2.688
linear,96,384,16.398
binary,96,384,10.910
branchless,96,384,3.572
eytzinger,96,384,7.210
interpolation,96,384,14.176
eytzinger_unclamped,96,384,6.872
linear,128,512,20.157
binary,128,512,9.406
branchless,128,512,3.660
eytzinger,128,512,3.887
interpolation,128,512,12.461
eytzinger_unclamped,128,512,2.939
linear,192,768,28.641
binary,192,768,12.298
branchless,192,768,4.415
eytzinger,192,768,8.415
interpolation,192,768,13.903
eytzinger_unclamped,192,768,7.639
linear,256,1024,36.156
binary,256,1024,10.573
branchless,256,1024,4.414
eytzinger,256,1024,4.575
interpolation,256,1024,13.664
eytzinger_unclamped,256,1024,3.496
linear,384,1536,50.972
binary,384,1536,13.979
branchless,384,1536,5.142
eytzinger,384,1536,9.393
interpolation,384,1536,13.892
eytzinger_unclamped,384,1536,15.654
linear,512,2048,65.353
binary,512,2048,11.961
branchless,512,2048,4.984
eytzinger,512,2048,5.231
interpolation,512,2048,14.114
eytzinger_unclamped,512,2048,19.021
linear,768,3072,93.808
binary,768,3072,15.380
branchless,768,3072,5.899
eytzinger,768,3072,10.969
interpolation,768,3072,19.917
eytzinger_unclamped,768,3072,33.342
linear,1024,4096,120.672
binary,1024,4096,13.589
branchless,1024,4096,5.874
eytzinger,1024,4096,6.197
interpolation,1024,4096,17.315
eytzinger_unclamped,1024,4096,39.557
linear,1536,6144,179.189
binary,1536,6144,17.121
branchless,1536,6144,6.721
eytzinger,1536,6144,11.398
interpolation,1536,6144,17.598
eytzinger_unclamped,1536,6144,54.208
linear,2048,8192,250.557
binary,2048,8192,15.196
branchless,2048,8192,6.687
eytzinger,2048,8192,6.978
interpolation,2048,8192,17.953
eytzinger_unclamped,2048,8192,57.481
linear,3072,12288,359.962
binary,3072,12288,18.905
branchless,3072,12288,7.436
eytzinger,3072,12288,12.643
interpolation,3072,12288,16.375
eytzinger_unclamped,3072,12288,67.183
linear,4096,16384,476.674
binary,4096,16384,17.172
branchless,4096,16384,7.546
eytzinger,4096,16384,8.033
interpolation,4096,16384,19.719
eytzinger_unclamped,4096,16384,53.431
linear,6144,24576,725.845
binary,6144,24576,20.829
branchless,6144,24576,8.389
eytzinger,6144,24576,13.778
interpolation,6144,24576,18.585
eytzinger_unclamped,6144,24576,65.422
linear,8192,32768,944.923
binary,8192,32768,19.027
branchless,8192,32768,8.412
eytzinger,8192,32768,8.931
interpolation,8192,32768,21.426
eytzinger_unclamped,8192,32768,57.353
binary,12288,49152,24.460
branchless,12288,49152,9.526
eytzinger,12288,49152,15.627
interpolation,12288,49152,20.666
eytzinger_unclamped,12288,49152,49.459
binary,16384,65536,20.654
branchless,16384,65536,9.315
eytzinger,16384,65536,10.082
interpolation,16384,65536,19.920
eytzinger_unclamped,16384,65536,50.622
binary,24576,98304,24.633
branchless,24576,98304,10.135
eytzinger,24576,98304,16.507
interpolation,24576,98304,20.426
eytzinger_unclamped,24576,98304,51.787
binary,32768,131072,22.481
branchless,32768,131072,10.575
eytzinger,32768,131072,11.053
interpolation,32768,131072,21.791
eytzinger_unclamped,32768,131072,52.447
binary,49152,196608,28.775
branchless,49152,196608,12.543
eytzinger,49152,196608,18.157
interpolation,49152,196608,22.679
eytzinger_unclamped,49152,196608,54.027
binary,65536,262144,36.033
branchless,65536,262144,18.186
eytzinger,65536,262144,12.364
interpolation,65536,262144,23.699
eytzinger_unclamped,65536,262144,53.451
binary,98304,393216,35.627
branchless,98304,393216,15.842
eytzinger,98304,393216,19.553
interpolation,98304,393216,25.272
eytzinger_unclamped,98304,393216,53.087
binary,131072,524288,45.965
branchless,131072,524288,23.907
eytzinger,131072,524288,13.792
interpolation,131072,524288,26.136
eytzinger_unclamped,131072,524288,53.547
binary,196608,786432,46.815
branchless,196608,786432,22.905
eytzinger,196608,786432,21.063
interpolation,196608,786432,26.045
eytzinger_unclamped,196608,786432,53.606
binary,262144,1048576,53.532
branchless,262144,1048576,28.689
eytzinger,262144,1048576,15.365
interpolation,262144,1048576,26.741
eytzinger_unclamped,262144,1048576,53.716
binary,393216,1572864,58.964
branchless,393216,1572864,28.928
eytzinger,393216,1572864,22.368
interpolation,393216,1572864,28.436
eytzinger_unclamped,393216,1572864,53.685
binary,524288,2097152,60.676
branchless,524288,2097152,33.127
eytzinger,524288,2097152,17.587
interpolation,524288,2097152,28.810
eytzinger_unclamped,524288,2097152,53.966
binary,786432,3145728,70.798
branchless,786432,3145728,33.796
eytzinger,786432,3145728,24.517
interpolation,786432,3145728,27.209
eytzinger_unclamped,786432,3145728,53.889
binary,1048576,4194304,73.994
branchless,1048576,4194304,38.624
eytzinger,1048576,4194304,18.296
interpolation,1048576,4194304,30.871
eytzinger_unclamped,1048576,4194304,53.822
binary,1572864,6291456,83.248
branchless,1572864,6291456,39.060
eytzinger,1572864,6291456,26.767
interpolation,1572864,6291456,31.466
eytzinger_unclamped,1572864,6291456,53.821
binary,2097152,8388608,89.366
branchless,2097152,8388608,46.040
eytzinger,2097152,8388608,20.081
interpolation,2097152,8388608,32.289
eytzinger_unclamped,2097152,8388608,55.540
binary,3145728,12582912,97.378
branchless,3145728,12582912,48.565
eytzinger,3145728,12582912,29.465
interpolation,3145728,12582912,32.919
eytzinger_unclamped,3145728,12582912,57.234
binary,4194304,16777216,118.051
branchless,4194304,16777216,64.744
eytzinger,4194304,16777216,22.215
interpolation,4194304,16777216,35.383
eytzinger_unclamped,4194304,16777216,59.744
binary,6291456,25165824,127.502
branchless,6291456,25165824,64.331
eytzinger,6291456,25165824,35.507
interpolation,6291456,25165824,40.771
eytzinger_unclamped,6291456,25165824,64.668
binary,8388608,33554432,197.371
branchless,8388608,33554432,112.025
eytzinger,8388608,33554432,30.522
interpolation,8388608,33554432,46.533
eytzinger_unclamped,8388608,33554432,57.454
binary,12582912,50331648,200.110
branchless,12582912,50331648,119.732
eytzinger,12582912,50331648,54.456
interpolation,12582912,50331648,60.516
eytzinger_unclamped,12582912,50331648,61.273
binary,16777216,67108864,290.530
branchless,16777216,67108864,172.906
eytzinger,16777216,67108864,49.171
interpolation,16777216,67108864,63.973
eytzinger_unclamped,16777216,67108864,59.515
