p,n,steps_per_search,pointers_per_node,ns_per_search,theory_steps
0.5000,256,15.287,1.8945,25.97,19.000
0.5000,1024,18.772,1.9814,33.34,23.000
0.5000,4096,23.269,1.9944,44.52,27.000
0.5000,16384,26.471,1.9962,80.36,31.000
0.5000,65535,31.223,2.0020,113.68,35.000
0.5000,262115,37.411,2.0032,151.81,39.000
0.5000,1048072,41.440,2.0006,249.42,42.999
0.2500,256,13.670,1.3281,25.36,18.333
0.2500,1024,18.182,1.3291,34.91,22.333
0.2500,4096,19.776,1.3252,43.52,26.333
0.2500,16384,26.736,1.3311,77.77,30.333
0.2500,65535,30.923,1.3307,119.32,34.333
0.2500,262115,33.310,1.3355,168.39,38.333
0.2500,1048072,38.134,1.3344,299.15,42.332
0.3679,256,13.563,1.5273,26.58,17.655
0.3679,1024,18.283,1.5518,35.70,21.424
0.3679,4096,23.216,1.5879,46.08,25.192
0.3679,16384,26.270,1.5811,79.71,28.960
0.3679,65535,30.844,1.5843,113.13,32.729
0.3679,262115,33.327,1.5850,162.27,36.497
0.3679,1048072,36.071,1.5825,262.32,40.264
0.1250,256,14.119,1.1484,27.98,23.476
0.1250,1024,22.150,1.1494,38.99,28.810
0.1250,4096,29.177,1.1396,50.44,34.143
0.1250,16384,33.390,1.1408,89.76,39.476
0.1250,65535,39.240,1.1418,144.04,44.809
0.1250,262115,41.491,1.1441,203.16,50.142
0.1250,1048072,47.654,1.1439,400.43,55.474
