algo,input,n,cmp,swap,move
bubble_naive,random,16,120,70,0
bubble_naive,random,32,496,218,0
bubble_naive,random,64,2016,1139,0
bubble_naive,random,128,8128,4231,0
bubble_naive,random,256,32640,17091,0
bubble_naive,random,512,130816,64075,0
bubble_naive,random,1024,523776,266860,0
bubble_naive,random,2048,2096128,1028479,0
bubble_naive,random,4096,8386560,4135006,0
bubble_naive,random,8192,33550336,16688666,0
bubble_naive,random,16384,134209536,66733552,0
bubble_naive,sorted,16,120,0,0
bubble_naive,sorted,32,496,0,0
bubble_naive,sorted,64,2016,0,0
bubble_naive,sorted,128,8128,0,0
bubble_naive,sorted,256,32640,0,0
bubble_naive,sorted,512,130816,0,0
bubble_naive,sorted,1024,523776,0,0
bubble_naive,sorted,2048,2096128,0,0
bubble_naive,sorted,4096,8386560,0,0
bubble_naive,sorted,8192,33550336,0,0
bubble_naive,sorted,16384,134209536,0,0
bubble_naive,reversed,16,120,120,0
bubble_naive,reversed,32,496,496,0
bubble_naive,reversed,64,2016,2016,0
bubble_naive,reversed,128,8128,8128,0
bubble_naive,reversed,256,32640,32640,0
bubble_naive,reversed,512,130816,130816,0
bubble_naive,reversed,1024,523776,523776,0
bubble_naive,reversed,2048,2096128,2096128,0
bubble_naive,reversed,4096,8386560,8386560,0
bubble_naive,reversed,8192,33550336,33550336,0
bubble_naive,reversed,16384,134209536,134209536,0
bubble_naive,few_unique,16,120,61,0
bubble_naive,few_unique,32,496,189,0
bubble_naive,few_unique,64,2016,1018,0
bubble_naive,few_unique,128,8128,3791,0
bubble_naive,few_unique,256,32640,15093,0
bubble_naive,few_unique,512,130816,55885,0
bubble_naive,few_unique,1024,523776,234959,0
bubble_naive,few_unique,2048,2096128,896539,0
bubble_naive,few_unique,4096,8386560,3599533,0
bubble_naive,few_unique,8192,33550336,14585278,0
bubble_naive,few_unique,16384,134209536,58348973,0
bubble,random,16,115,70,0
bubble,random,32,423,218,0
bubble,random,64,1867,1139,0
bubble,random,128,7633,4231,0
bubble,random,256,31911,17091,0
bubble,random,512,129228,64075,0
bubble,random,1024,521340,266860,0
bubble,random,2048,2093401,1028479,0
bubble,random,4096,8370840,4135006,0
bubble,random,8192,33518965,16688666,0
bubble,random,16384,134119632,66733552,0
bubble,sorted,16,15,0,0
bubble,sorted,32,31,0,0
bubble,sorted,64,63,0,0
bubble,sorted,128,127,0,0
bubble,sorted,256,255,0,0
bubble,sorted,512,511,0,0
bubble,sorted,1024,1023,0,0
bubble,sorted,2048,2047,0,0
bubble,sorted,4096,4095,0,0
bubble,sorted,8192,8191,0,0
bubble,sorted,16384,16383,0,0
bubble,reversed,16,120,120,0
bubble,reversed,32,496,496,0
bubble,reversed,64,2016,2016,0
bubble,reversed,128,8128,8128,0
bubble,reversed,256,32640,32640,0
bubble,reversed,512,130816,130816,0
bubble,reversed,1024,523776,523776,0
bubble,reversed,2048,2096128,2096128,0
bubble,reversed,4096,8386560,8386560,0
bubble,reversed,8192,33550336,33550336,0
bubble,reversed,16384,134209536,134209536,0
bubble,few_unique,16,112,61,0
bubble,few_unique,32,414,189,0
bubble,few_unique,64,1811,1018,0
bubble,few_unique,128,7469,3791,0
bubble,few_unique,256,31714,15093,0
bubble,few_unique,512,127975,55885,0
bubble,few_unique,1024,515761,234959,0
bubble,few_unique,2048,2067846,896539,0
bubble,few_unique,4096,8254735,3599533,0
bubble,few_unique,8192,33042808,14585278,0
bubble,few_unique,16384,132020917,58348973,0
selection,random,16,120,14,0
selection,random,32,496,28,0
selection,random,64,2016,59,0
selection,random,128,8128,119,0
selection,random,256,32640,249,0
selection,random,512,130816,505,0
selection,random,1024,523776,1014,0
selection,random,2048,2096128,2047,0
selection,random,4096,8386560,4086,0
selection,random,8192,33550336,8186,0
selection,random,16384,134209536,16372,0
selection,sorted,16,120,0,0
selection,sorted,32,496,0,0
selection,sorted,64,2016,0,0
selection,sorted,128,8128,0,0
selection,sorted,256,32640,0,0
selection,sorted,512,130816,0,0
selection,sorted,1024,523776,0,0
selection,sorted,2048,2096128,0,0
selection,sorted,4096,8386560,0,0
selection,sorted,8192,33550336,0,0
selection,sorted,16384,134209536,0,0
selection,reversed,16,120,8,0
selection,reversed,32,496,16,0
selection,reversed,64,2016,32,0
selection,reversed,128,8128,64,0
selection,reversed,256,32640,128,0
selection,reversed,512,130816,256,0
selection,reversed,1024,523776,512,0
selection,reversed,2048,2096128,1024,0
selection,reversed,4096,8386560,2048,0
selection,reversed,8192,33550336,4096,0
selection,reversed,16384,134209536,8192,0
selection,few_unique,16,120,11,0
selection,few_unique,32,496,26,0
selection,few_unique,64,2016,55,0
selection,few_unique,128,8128,108,0
selection,few_unique,256,32640,216,0
selection,few_unique,512,130816,450,0
selection,few_unique,1024,523776,900,0
selection,few_unique,2048,2096128,1755,0
selection,few_unique,4096,8386560,3563,0
selection,few_unique,8192,33550336,7111,0
selection,few_unique,16384,134209536,14408,0
insertion,random,16,80,0,70
insertion,random,32,248,0,218
insertion,random,64,1196,0,1139
insertion,random,128,4354,0,4231
insertion,random,256,17341,0,17091
insertion,random,512,64578,0,64075
insertion,random,1024,267879,0,266860
insertion,random,2048,1030521,0,1028479
insertion,random,4096,4139090,0,4135006
insertion,random,8192,16696853,0,16688666
insertion,random,16384,66749931,0,66733552
insertion,sorted,16,15,0,0
insertion,sorted,32,31,0,0
insertion,sorted,64,63,0,0
insertion,sorted,128,127,0,0
insertion,sorted,256,255,0,0
insertion,sorted,512,511,0,0
insertion,sorted,1024,1023,0,0
insertion,sorted,2048,2047,0,0
insertion,sorted,4096,4095,0,0
insertion,sorted,8192,8191,0,0
insertion,sorted,16384,16383,0,0
insertion,reversed,16,120,0,120
insertion,reversed,32,496,0,496
insertion,reversed,64,2016,0,2016
insertion,reversed,128,8128,0,8128
insertion,reversed,256,32640,0,32640
insertion,reversed,512,130816,0,130816
insertion,reversed,1024,523776,0,523776
insertion,reversed,2048,2096128,0,2096128
insertion,reversed,4096,8386560,0,8386560
insertion,reversed,8192,33550336,0,33550336
insertion,reversed,16384,134209536,0,134209536
insertion,few_unique,16,73,0,61
insertion,few_unique,32,219,0,189
insertion,few_unique,64,1079,0,1018
insertion,few_unique,128,3915,0,3791
insertion,few_unique,256,15346,0,15093
insertion,few_unique,512,56393,0,55885
insertion,few_unique,1024,235981,0,234959
insertion,few_unique,2048,898583,0,896539
insertion,few_unique,4096,3603627,0,3599533
insertion,few_unique,8192,14593468,0,14585278
insertion,few_unique,16384,58365354,0,58348973
insertion_binary,random,16,46,0,70
insertion_binary,random,32,124,0,218
insertion_binary,random,64,304,0,1139
insertion_binary,random,128,730,0,4231
insertion_binary,random,256,1693,0,17091
insertion_binary,random,512,3914,0,64075
insertion_binary,random,1024,8845,0,266860
insertion_binary,random,2048,19679,0,1028479
insertion_binary,random,4096,43519,0,4135006
insertion_binary,random,8192,95169,0,16688666
insertion_binary,random,16384,206660,0,66733552
insertion_binary,sorted,16,38,0,0
insertion_binary,sorted,32,103,0,0
insertion_binary,sorted,64,264,0,0
insertion_binary,sorted,128,649,0,0
insertion_binary,sorted,256,1546,0,0
insertion_binary,sorted,512,3595,0,0
insertion_binary,sorted,1024,8204,0,0
insertion_binary,sorted,2048,18445,0,0
insertion_binary,sorted,4096,40974,0,0
insertion_binary,sorted,8192,90127,0,0
insertion_binary,sorted,16384,196624,0,0
insertion_binary,reversed,16,49,0,120
insertion_binary,reversed,32,129,0,496
insertion_binary,reversed,64,321,0,2016
insertion_binary,reversed,128,769,0,8128
insertion_binary,reversed,256,1793,0,32640
insertion_binary,reversed,512,4097,0,130816
insertion_binary,reversed,1024,9217,0,523776
insertion_binary,reversed,2048,20481,0,2096128
insertion_binary,reversed,4096,45057,0,8386560
insertion_binary,reversed,8192,98305,0,33550336
insertion_binary,reversed,16384,212993,0,134209536
insertion_binary,few_unique,16,44,0,61
insertion_binary,few_unique,32,119,0,189
insertion_binary,few_unique,64,295,0,1018
insertion_binary,few_unique,128,719,0,3791
insertion_binary,few_unique,256,1677,0,15093
insertion_binary,few_unique,512,3852,0,55885
insertion_binary,few_unique,1024,8774,0,234959
insertion_binary,few_unique,2048,19466,0,896539
insertion_binary,few_unique,4096,43179,0,3599533
insertion_binary,few_unique,8192,94540,0,14585278
insertion_binary,few_unique,16384,205520,0,58348973
shell_halving,random,16,73,0,32
shell_halving,random,32,227,0,114
shell_halving,random,64,583,0,295
shell_halving,random,128,1345,0,643
shell_halving,random,256,3951,0,2295
shell_halving,random,512,9875,0,6031
shell_halving,random,1024,29369,0,20702
shell_halving,random,2048,72976,0,53485
shell_halving,random,4096,152558,0,109520
shell_halving,random,8192,510194,0,415912
shell_halving,random,16384,1765100,0,1560180
shell_halving,random,32768,3540668,0,3098348
shell_halving,random,65536,11273085,0,10322884
shell_halving,random,131072,25294670,0,23262941
shell_halving,random,262144,67203307,0,62877511
shell_halving,sorted,16,49,0,0
shell_halving,sorted,32,129,0,0
shell_halving,sorted,64,321,0,0
shell_halving,sorted,128,769,0,0
shell_halving,sorted,256,1793,0,0
shell_halving,sorted,512,4097,0,0
shell_halving,sorted,1024,9217,0,0
shell_halving,sorted,2048,20481,0,0
shell_halving,sorted,4096,45057,0,0
shell_halving,sorted,8192,98305,0,0
shell_halving,sorted,16384,212993,0,0
shell_halving,sorted,32768,458753,0,0
shell_halving,sorted,65536,983041,0,0
shell_halving,sorted,131072,2097153,0,0
shell_halving,sorted,262144,4456449,0,0
shell_halving,reversed,16,66,0,32
shell_halving,reversed,32,178,0,80
shell_halving,reversed,64,450,0,192
shell_halving,reversed,128,1090,0,448
shell_halving,reversed,256,2562,0,1024
shell_halving,reversed,512,5890,0,2304
shell_halving,reversed,1024,13314,0,5120
shell_halving,reversed,2048,29698,0,11264
shell_halving,reversed,4096,65538,0,24576
shell_halving,reversed,8192,143362,0,53248
shell_halving,reversed,16384,311298,0,114688
shell_halving,reversed,32768,671746,0,245760
shell_halving,reversed,65536,1441794,0,524288
shell_halving,reversed,131072,3080194,0,1114112
shell_halving,reversed,262144,6553602,0,2359296
shell_halving,few_unique,16,65,0,23
shell_halving,few_unique,32,204,0,88
shell_halving,few_unique,64,479,0,187
shell_halving,few_unique,128,1060,0,342
shell_halving,few_unique,256,2672,0,983
shell_halving,few_unique,512,6041,0,2140
shell_halving,few_unique,1024,14404,0,5617
shell_halving,few_unique,2048,31355,0,11662
shell_halving,few_unique,4096,66622,0,23106
shell_halving,few_unique,8192,150858,0,55665
shell_halving,few_unique,16384,362683,0,155935
shell_halving,few_unique,32768,716449,0,270373
shell_halving,few_unique,65536,1613375,0,655744
shell_halving,few_unique,131072,3215843,0,1169306
shell_halving,few_unique,262144,6819763,0,2464277
shell_ciura,random,16,61,0,36
shell_ciura,random,32,152,0,76
shell_ciura,random,64,380,0,183
shell_ciura,random,128,1019,0,531
shell_ciura,random,256,2437,0,1275
shell_ciura,random,512,5857,0,3029
shell_ciura,random,1024,13363,0,6898
shell_ciura,random,2048,30374,0,15743
shell_ciura,random,4096,68841,0,36168
shell_ciura,random,8192,152329,0,80516
shell_ciura,random,16384,335772,0,178280
shell_ciura,random,32768,733162,0,389174
shell_ciura,random,65536,1595691,0,848352
shell_ciura,random,131072,3450383,0,1840393
shell_ciura,random,262144,7395902,0,3955438
shell_ciura,sorted,16,33,0,0
shell_ciura,sorted,32,90,0,0
shell_ciura,sorted,64,225,0,0
shell_ciura,sorted,128,545,0,0
shell_ciura,sorted,256,1309,0,0
shell_ciura,sorted,512,3056,0,0
shell_ciura,sorted,1024,6963,0,0
shell_ciura,sorted,2048,15626,0,0
shell_ciura,sorted,4096,34606,0,0
shell_ciura,sorted,8192,75775,0,0
shell_ciura,sorted,16384,165887,0,0
shell_ciura,sorted,32768,360918,0,0
shell_ciura,sorted,65536,779258,0,0
shell_ciura,sorted,131072,1671371,0,0
shell_ciura,sorted,262144,3563938,0,0
shell_ciura,reversed,16,46,0,22
shell_ciura,reversed,32,129,0,54
shell_ciura,reversed,64,333,0,140
shell_ciura,reversed,128,796,0,338
shell_ciura,reversed,256,1961,0,864
shell_ciura,reversed,512,4244,0,1516
shell_ciura,reversed,1024,9695,0,3240
shell_ciura,reversed,2048,21409,0,6732
shell_ciura,reversed,4096,48438,0,16040
shell_ciura,reversed,8192,106722,0,36148
shell_ciura,reversed,16384,233046,0,80072
shell_ciura,reversed,32768,511340,0,177922
shell_ciura,reversed,65536,1077113,0,336828
shell_ciura,reversed,131072,2277045,0,674098
shell_ciura,reversed,262144,4892463,0,1450192
shell_ciura,few_unique,16,56,0,28
shell_ciura,few_unique,32,132,0,50
shell_ciura,few_unique,64,301,0,99
shell_ciura,few_unique,128,742,0,243
shell_ciura,few_unique,256,1713,0,515
shell_ciura,few_unique,512,3926,0,1042
shell_ciura,few_unique,1024,8681,0,2083
shell_ciura,few_unique,2048,19096,0,4178
shell_ciura,few_unique,4096,41902,0,8647
shell_ciura,few_unique,8192,90273,0,17408
shell_ciura,few_unique,16384,194823,0,35094
shell_ciura,few_unique,32768,418094,0,69565
shell_ciura,few_unique,65536,893053,0,136751
shell_ciura,few_unique,131072,1900256,0,272425
shell_ciura,few_unique,262144,4020561,0,544253
merge_topdown,random,16,57,0,112
merge_topdown,random,32,150,0,300
merge_topdown,random,64,351,0,700
merge_topdown,random,128,806,0,1596
merge_topdown,random,256,1888,0,3760
merge_topdown,random,512,4283,0,8488
merge_topdown,random,1024,9601,0,18976
merge_topdown,random,2048,21302,0,42268
merge_topdown,random,4096,46690,0,92640
merge_topdown,random,8192,101655,0,202008
merge_topdown,random,16384,219788,0,437260
merge_topdown,random,32768,471454,0,938092
merge_topdown,random,65536,1008784,0,2007656
merge_topdown,random,131072,2148695,0,4278044
merge_topdown,random,262144,4559359,0,9079156
merge_topdown,sorted,16,15,0,0
merge_topdown,sorted,32,31,0,0
merge_topdown,sorted,64,63,0,0
merge_topdown,sorted,128,127,0,0
merge_topdown,sorted,256,255,0,0
merge_topdown,sorted,512,511,0,0
merge_topdown,sorted,1024,1023,0,0
merge_topdown,sorted,2048,2047,0,0
merge_topdown,sorted,4096,4095,0,0
merge_topdown,sorted,8192,8191,0,0
merge_topdown,sorted,16384,16383,0,0
merge_topdown,sorted,32768,32767,0,0
merge_topdown,sorted,65536,65535,0,0
merge_topdown,sorted,131072,131071,0,0
merge_topdown,sorted,262144,262143,0,0
merge_topdown,reversed,16,47,0,128
merge_topdown,reversed,32,111,0,320
merge_topdown,reversed,64,255,0,768
merge_topdown,reversed,128,575,0,1792
merge_topdown,reversed,256,1279,0,4096
merge_topdown,reversed,512,2815,0,9216
merge_topdown,reversed,1024,6143,0,20480
merge_topdown,reversed,2048,13311,0,45056
merge_topdown,reversed,4096,28671,0,98304
merge_topdown,reversed,8192,61439,0,212992
merge_topdown,reversed,16384,131071,0,458752
merge_topdown,reversed,32768,278527,0,983040
merge_topdown,reversed,65536,589823,0,2097152
merge_topdown,reversed,131072,1245183,0,4456448
merge_topdown,reversed,262144,2621439,0,9437184
merge_topdown,few_unique,16,58,0,112
merge_topdown,few_unique,32,146,0,292
merge_topdown,few_unique,64,335,0,668
merge_topdown,few_unique,128,790,0,1580
merge_topdown,few_unique,256,1801,0,3648
merge_topdown,few_unique,512,4145,0,8364
merge_topdown,few_unique,1024,9291,0,18800
merge_topdown,few_unique,2048,20339,0,41808
merge_topdown,few_unique,4096,44635,0,91632
merge_topdown,few_unique,8192,96959,0,199920
merge_topdown,few_unique,16384,210153,0,433084
merge_topdown,few_unique,32768,449508,0,930172
merge_topdown,few_unique,65536,960924,0,1991620
merge_topdown,few_unique,131072,2046763,0,4247032
merge_topdown,few_unique,262144,4337242,0,9016088
merge_bottomup,random,16,46,0,128
merge_bottomup,random,32,124,0,320
merge_bottomup,random,64,305,0,768
merge_bottomup,random,128,728,0,1792
merge_bottomup,random,256,1717,0,4096
merge_bottomup,random,512,3954,0,9216
merge_bottomup,random,1024,8954,0,20480
merge_bottomup,random,2048,19952,0,45056
merge_bottomup,random,4096,44011,0,98304
merge_bottomup,random,8192,96210,0,212992
merge_bottomup,random,16384,208778,0,458752
merge_bottomup,random,32768,449924,0,983040
merge_bottomup,random,65536,965623,0,2097152
merge_bottomup,random,131072,2062225,0,4456448
merge_bottomup,random,262144,4386723,0,9437184
merge_bottomup,sorted,16,32,0,128
merge_bottomup,sorted,32,80,0,320
merge_bottomup,sorted,64,192,0,768
merge_bottomup,sorted,128,448,0,1792
merge_bottomup,sorted,256,1024,0,4096
merge_bottomup,sorted,512,2304,0,9216
merge_bottomup,sorted,1024,5120,0,20480
merge_bottomup,sorted,2048,11264,0,45056
merge_bottomup,sorted,4096,24576,0,98304
merge_bottomup,sorted,8192,53248,0,212992
merge_bottomup,sorted,16384,114688,0,458752
merge_bottomup,sorted,32768,245760,0,983040
merge_bottomup,sorted,65536,524288,0,2097152
merge_bottomup,sorted,131072,1114112,0,4456448
merge_bottomup,sorted,262144,2359296,0,9437184
merge_bottomup,reversed,16,32,0,128
merge_bottomup,reversed,32,80,0,320
merge_bottomup,reversed,64,192,0,768
merge_bottomup,reversed,128,448,0,1792
merge_bottomup,reversed,256,1024,0,4096
merge_bottomup,reversed,512,2304,0,9216
merge_bottomup,reversed,1024,5120,0,20480
merge_bottomup,reversed,2048,11264,0,45056
merge_bottomup,reversed,4096,24576,0,98304
merge_bottomup,reversed,8192,53248,0,212992
merge_bottomup,reversed,16384,114688,0,458752
merge_bottomup,reversed,32768,245760,0,983040
merge_bottomup,reversed,65536,524288,0,2097152
merge_bottomup,reversed,131072,1114112,0,4456448
merge_bottomup,reversed,262144,2359296,0,9437184
merge_bottomup,few_unique,16,47,0,128
merge_bottomup,few_unique,32,122,0,320
merge_bottomup,few_unique,64,297,0,768
merge_bottomup,few_unique,128,716,0,1792
merge_bottomup,few_unique,256,1658,0,4096
merge_bottomup,few_unique,512,3847,0,9216
merge_bottomup,few_unique,1024,8688,0,20480
merge_bottomup,few_unique,2048,19104,0,45056
merge_bottomup,few_unique,4096,42208,0,98304
merge_bottomup,few_unique,8192,92036,0,212992
merge_bottomup,few_unique,16384,200187,0,458752
merge_bottomup,few_unique,32768,429958,0,983040
merge_bottomup,few_unique,65536,921772,0,2097152
merge_bottomup,few_unique,131072,1968046,0,4456448
merge_bottomup,few_unique,262144,4180373,0,9437184
quick_lomuto_last,random,16,49,22,0
quick_lomuto_last,random,32,131,76,0
quick_lomuto_last,random,64,354,181,0
quick_lomuto_last,random,128,894,457,0
quick_lomuto_last,random,256,2142,985,0
quick_lomuto_last,random,512,4688,1885,0
quick_lomuto_last,random,1024,11855,5732,0
quick_lomuto_last,random,2048,25923,12117,0
quick_lomuto_last,random,4096,54440,25324,0
quick_lomuto_last,random,8192,123542,50126,0
quick_lomuto_last,random,16384,273787,132928,0
quick_lomuto_last,sorted,16,120,0,0
quick_lomuto_last,sorted,32,496,0,0
quick_lomuto_last,sorted,64,2016,0,0
quick_lomuto_last,sorted,128,8128,0,0
quick_lomuto_last,sorted,256,32640,0,0
quick_lomuto_last,sorted,512,130816,0,0
quick_lomuto_last,sorted,1024,523776,0,0
quick_lomuto_last,sorted,2048,2096128,0,0
quick_lomuto_last,sorted,4096,8386560,0,0
quick_lomuto_last,sorted,8192,33550336,0,0
quick_lomuto_last,sorted,16384,134209536,0,0
quick_lomuto_last,reversed,16,120,8,0
quick_lomuto_last,reversed,32,496,16,0
quick_lomuto_last,reversed,64,2016,32,0
quick_lomuto_last,reversed,128,8128,64,0
quick_lomuto_last,reversed,256,32640,128,0
quick_lomuto_last,reversed,512,130816,256,0
quick_lomuto_last,reversed,1024,523776,512,0
quick_lomuto_last,reversed,2048,2096128,1024,0
quick_lomuto_last,reversed,4096,8386560,2048,0
quick_lomuto_last,reversed,8192,33550336,4096,0
quick_lomuto_last,reversed,16384,134209536,8192,0
quick_lomuto_last,few_unique,16,59,20,0
quick_lomuto_last,few_unique,32,155,58,0
quick_lomuto_last,few_unique,64,413,174,0
quick_lomuto_last,few_unique,128,1359,312,0
quick_lomuto_last,few_unique,256,5140,607,0
quick_lomuto_last,few_unique,512,18390,1368,0
quick_lomuto_last,few_unique,1024,69893,3325,0
quick_lomuto_last,few_unique,2048,270447,5484,0
quick_lomuto_last,few_unique,4096,1058077,9133,0
quick_lomuto_last,few_unique,8192,4227425,26432,0
quick_lomuto_last,few_unique,16384,16834336,53395,0
quick_hoare_mid,random,16,95,14,0
quick_hoare_mid,random,32,255,36,0
quick_hoare_mid,random,64,567,91,0
quick_hoare_mid,random,128,1300,209,0
quick_hoare_mid,random,256,2749,483,0
quick_hoare_mid,random,512,6399,1101,0
quick_hoare_mid,random,1024,14701,2390,0
quick_hoare_mid,random,2048,34181,5153,0
quick_hoare_mid,random,4096,79248,11118,0
quick_hoare_mid,random,8192,148675,24836,0
quick_hoare_mid,random,16384,325171,53456,0
quick_hoare_mid,random,32768,705816,113106,0
quick_hoare_mid,random,65536,1521547,243915,0
quick_hoare_mid,random,131072,3173639,520174,0
quick_hoare_mid,random,262144,6595204,1100123,0
quick_hoare_mid,sorted,16,79,0,0
quick_hoare_mid,sorted,32,191,0,0
quick_hoare_mid,sorted,64,447,0,0
quick_hoare_mid,sorted,128,1023,0,0
quick_hoare_mid,sorted,256,2303,0,0
quick_hoare_mid,sorted,512,5119,0,0
quick_hoare_mid,sorted,1024,11263,0,0
quick_hoare_mid,sorted,2048,24575,0,0
quick_hoare_mid,sorted,4096,53247,0,0
quick_hoare_mid,sorted,8192,114687,0,0
quick_hoare_mid,sorted,16384,245759,0,0
quick_hoare_mid,sorted,32768,524287,0,0
quick_hoare_mid,sorted,65536,1114111,0,0
quick_hoare_mid,sorted,131072,2359295,0,0
quick_hoare_mid,sorted,262144,4980735,0,0
quick_hoare_mid,reversed,16,80,8,0
quick_hoare_mid,reversed,32,192,16,0
quick_hoare_mid,reversed,64,448,32,0
quick_hoare_mid,reversed,128,1024,64,0
quick_hoare_mid,reversed,256,2304,128,0
quick_hoare_mid,reversed,512,5120,256,0
quick_hoare_mid,reversed,1024,11264,512,0
quick_hoare_mid,reversed,2048,24576,1024,0
quick_hoare_mid,reversed,4096,53248,2048,0
quick_hoare_mid,reversed,8192,114688,4096,0
quick_hoare_mid,reversed,16384,245760,8192,0
quick_hoare_mid,reversed,32768,524288,16384,0
quick_hoare_mid,reversed,65536,1114112,32768,0
quick_hoare_mid,reversed,131072,2359296,65536,0
quick_hoare_mid,reversed,262144,4980736,131072,0
quick_hoare_mid,few_unique,16,94,17,0
quick_hoare_mid,few_unique,32,242,57,0
quick_hoare_mid,few_unique,64,541,136,0
quick_hoare_mid,few_unique,128,1203,325,0
quick_hoare_mid,few_unique,256,2605,807,0
quick_hoare_mid,few_unique,512,5935,1811,0
quick_hoare_mid,few_unique,1024,12713,4172,0
quick_hoare_mid,few_unique,2048,27133,9287,0
quick_hoare_mid,few_unique,4096,62575,20489,0
quick_hoare_mid,few_unique,8192,125839,45278,0
quick_hoare_mid,few_unique,16384,266442,98849,0
quick_hoare_mid,few_unique,32768,584151,213957,0
quick_hoare_mid,few_unique,65536,1215409,461410,0
quick_hoare_mid,few_unique,131072,2710391,982993,0
quick_hoare_mid,few_unique,262144,5320566,2108932,0
quick_median3,random,16,80,0,70
quick_median3,random,32,174,15,85
quick_median3,random,64,408,48,97
quick_median3,random,128,1036,131,298
quick_median3,random,256,2378,286,763
quick_median3,random,512,5122,740,1243
quick_median3,random,1024,11691,1667,2561
quick_median3,random,2048,25245,3857,5326
quick_median3,random,4096,54280,8750,10880
quick_median3,random,8192,122599,19159,21223
quick_median3,random,16384,280032,41873,43075
quick_median3,random,32768,562912,93005,86051
quick_median3,random,65536,1221937,201154,171119
quick_median3,random,131072,2684917,427228,341386
quick_median3,random,262144,5619825,924932,681867
quick_median3,sorted,16,15,0,0
quick_median3,sorted,32,66,0,0
quick_median3,sorted,64,200,0,0
quick_median3,sorted,128,532,0,0
quick_median3,sorted,256,1324,0,0
quick_median3,sorted,512,3164,0,0
quick_median3,sorted,1024,7356,0,0
quick_median3,sorted,2048,16764,0,0
quick_median3,sorted,4096,37628,0,0
quick_median3,sorted,8192,83452,0,0
quick_median3,sorted,16384,183292,0,0
quick_median3,sorted,32768,399356,0,0
quick_median3,sorted,65536,864252,0,0
quick_median3,sorted,131072,1859580,0,0
quick_median3,sorted,262144,3981308,0,0
quick_median3,reversed,16,120,0,120
quick_median3,reversed,32,67,18,0
quick_median3,reversed,64,201,34,0
quick_median3,reversed,128,533,66,0
quick_median3,reversed,256,1325,130,0
quick_median3,reversed,512,3165,258,0
quick_median3,reversed,1024,7357,514,0
quick_median3,reversed,2048,16765,1026,0
quick_median3,reversed,4096,37629,2050,0
quick_median3,reversed,8192,83453,4098,0
quick_median3,reversed,16384,183293,8194,0
quick_median3,reversed,32768,399357,16386,0
quick_median3,reversed,65536,864253,32770,0
quick_median3,reversed,131072,1859581,65538,0
quick_median3,reversed,262144,3981309,131074,0
quick_median3,few_unique,16,73,0,61
quick_median3,few_unique,32,172,14,88
quick_median3,few_unique,64,368,56,60
quick_median3,few_unique,128,811,149,160
quick_median3,few_unique,256,1724,402,130
quick_median3,few_unique,512,3720,990,112
quick_median3,few_unique,1024,8733,2479,94
quick_median3,few_unique,2048,18820,6040,94
quick_median3,few_unique,4096,41687,13924,130
quick_median3,few_unique,8192,92952,31353,110
quick_median3,few_unique,16384,206569,70705,169
quick_median3,few_unique,32768,440463,160615,122
quick_median3,few_unique,65536,947219,347964,106
quick_median3,few_unique,131072,2056806,766224,135
quick_median3,few_unique,262144,4190067,1678620,174
quick_3way,random,16,104,36,0
quick_3way,random,32,260,84,0
quick_3way,random,64,617,225,0
quick_3way,random,128,1453,521,0
quick_3way,random,256,3355,1225,0
quick_3way,random,512,7652,2901,0
quick_3way,random,1024,16641,6354,0
quick_3way,random,2048,41302,16653,0
quick_3way,random,4096,98303,40636,0
quick_3way,random,8192,191277,77240,0
quick_3way,random,16384,428277,176004,0
quick_3way,random,32768,936688,388138,0
quick_3way,random,65536,2074546,864395,0
quick_3way,random,131072,4613012,1954313,0
quick_3way,random,262144,8783182,3614646,0
quick_3way,sorted,16,74,18,0
quick_3way,sorted,32,197,54,0
quick_3way,sorted,64,485,140,0
quick_3way,sorted,128,1153,348,0
quick_3way,sorted,256,2713,844,0
quick_3way,sorted,512,6242,1976,0
quick_3way,sorted,1024,14117,4528,0
quick_3way,sorted,2048,31505,10198,0
quick_3way,sorted,4096,69519,22674,0
quick_3way,sorted,8192,151876,49810,0
quick_3way,sorted,16384,329261,108462,0
quick_3way,sorted,32768,709092,234364,0
quick_3way,sorted,65536,1518814,503294,0
quick_3way,sorted,131072,3238939,1075564,0
quick_3way,sorted,262144,6882121,2289464,0
quick_3way,reversed,16,74,18,0
quick_3way,reversed,32,190,50,0
quick_3way,reversed,64,479,136,0
quick_3way,reversed,128,1149,340,0
quick_3way,reversed,256,2680,822,0
quick_3way,reversed,512,6178,1938,0
quick_3way,reversed,1024,14005,4460,0
quick_3way,reversed,2048,31294,10074,0
quick_3way,reversed,4096,69142,22442,0
quick_3way,reversed,8192,151301,49434,0
quick_3way,reversed,16384,328302,107802,0
quick_3way,reversed,32768,707645,233296,0
quick_3way,reversed,65536,1516464,501486,0
quick_3way,reversed,131072,3234210,1072120,0
quick_3way,reversed,262144,6871113,2282208,0
quick_3way,few_unique,16,92,30,0
quick_3way,few_unique,32,167,60,0
quick_3way,few_unique,64,363,160,0
quick_3way,few_unique,128,585,210,0
quick_3way,few_unique,256,1128,417,0
quick_3way,few_unique,512,2330,793,0
quick_3way,few_unique,1024,6970,2914,0
quick_3way,few_unique,2048,9480,4030,0
quick_3way,few_unique,4096,23134,8732,0
quick_3way,few_unique,8192,35955,14372,0
quick_3way,few_unique,16384,83553,32547,0
quick_3way,few_unique,32768,208394,97923,0
quick_3way,few_unique,65536,433621,171675,0
quick_3way,few_unique,131072,787164,311848,0
quick_3way,few_unique,262144,1277977,458739,0
heap,random,16,79,15,37
heap,random,32,220,31,105
heap,random,64,580,63,270
heap,random,128,1405,127,664
heap,random,256,3298,255,1564
heap,random,512,7623,511,3630
heap,random,1024,17307,1023,8277
heap,random,2048,38687,2047,18602
heap,random,4096,85682,4095,41415
heap,random,8192,187754,8191,91091
heap,random,16384,408176,16383,198357
heap,random,32768,882128,32767,429635
heap,random,65536,1894715,65535,924418
heap,random,131072,4051515,131071,1979872
heap,random,262144,8628262,262143,4222844
heap,sorted,16,85,15,43
heap,sorted,32,231,31,115
heap,sorted,64,593,63,299
heap,sorted,128,1459,127,723
heap,sorted,256,3452,255,1717
heap,sorted,512,7958,511,3953
heap,sorted,1024,18060,1023,8945
heap,sorted,2048,40204,2047,19817
heap,sorted,4096,88835,4095,44265
heap,sorted,8192,194316,8191,97115
heap,sorted,16384,421566,16383,209675
heap,sorted,32768,908636,32767,450861
heap,sorted,65536,1948406,65535,968957
heap,sorted,131072,4162037,131071,2075439
heap,sorted,262144,8849195,262143,4402469
heap,reversed,16,72,15,27
heap,reversed,32,202,31,81
heap,reversed,64,525,63,225
heap,reversed,128,1294,127,575
heap,reversed,256,3106,255,1387
heap,reversed,512,7203,511,3261
heap,reversed,1024,16407,1023,7519
heap,reversed,2048,36973,2047,17207
heap,reversed,4096,82304,4095,38435
heap,reversed,8192,180760,8191,84991
heap,reversed,16384,394520,16383,186649
heap,reversed,32768,854980,32767,407069
heap,reversed,65536,1839970,65535,875685
heap,reversed,131072,3939957,131071,1883061
heap,reversed,262144,8397651,262143,4024901
heap,few_unique,16,78,15,32
heap,few_unique,32,221,31,97
heap,few_unique,64,544,63,235
heap,few_unique,128,1288,127,547
heap,few_unique,256,3085,255,1373
heap,few_unique,512,7155,511,3236
heap,few_unique,1024,15968,1023,7288
heap,few_unique,2048,35399,2047,16333
heap,few_unique,4096,77790,4095,36132
heap,few_unique,8192,169432,8191,79098
heap,few_unique,16384,366736,16383,172178
heap,few_unique,32768,789883,32767,372454
heap,few_unique,65536,1691367,65535,800426
heap,few_unique,131072,3612569,131071,1716128
heap,few_unique,262144,7675256,262143,3657624
bucket,random,16,6,0,34
bucket,random,32,16,0,73
bucket,random,64,27,0,146
bucket,random,128,53,0,288
bucket,random,256,124,0,583
bucket,random,512,222,0,1150
bucket,random,1024,430,0,2264
bucket,random,2048,953,0,4626
bucket,random,4096,1865,0,9208
bucket,random,8192,3743,0,18470
bucket,random,16384,7464,0,36872
bucket,random,32768,14801,0,73629
bucket,random,65536,29706,0,147495
bucket,random,131072,58949,0,294629
bucket,random,262144,118953,0,589754
bucket,sorted,16,0,0,32
bucket,sorted,32,0,0,64
bucket,sorted,64,0,0,128
bucket,sorted,128,0,0,256
bucket,sorted,256,0,0,512
bucket,sorted,512,0,0,1024
bucket,sorted,1024,0,0,2048
bucket,sorted,2048,0,0,4096
bucket,sorted,4096,0,0,8192
bucket,sorted,8192,0,0,16384
bucket,sorted,16384,0,0,32768
bucket,sorted,32768,0,0,65536
bucket,sorted,65536,0,0,131072
bucket,sorted,131072,0,0,262144
bucket,sorted,262144,0,0,524288
bucket,reversed,16,0,0,32
bucket,reversed,32,0,0,64
bucket,reversed,64,0,0,128
bucket,reversed,128,0,0,256
bucket,reversed,256,0,0,512
bucket,reversed,512,0,0,1024
bucket,reversed,1024,0,0,2048
bucket,reversed,2048,0,0,4096
bucket,reversed,4096,0,0,8192
bucket,reversed,8192,0,0,16384
bucket,reversed,16384,0,0,32768
bucket,reversed,32768,0,0,65536
bucket,reversed,65536,0,0,131072
bucket,reversed,131072,0,0,262144
bucket,reversed,262144,0,0,524288
bucket,few_unique,16,9,0,32
bucket,few_unique,32,24,0,64
bucket,few_unique,64,56,0,128
bucket,few_unique,128,120,0,256
bucket,few_unique,256,248,0,512
bucket,few_unique,512,504,0,1024
bucket,few_unique,1024,1016,0,2048
bucket,few_unique,2048,2040,0,4096
bucket,few_unique,4096,4088,0,8192
bucket,few_unique,8192,8184,0,16384
bucket,few_unique,16384,16376,0,32768
bucket,few_unique,32768,32760,0,65536
bucket,few_unique,65536,65528,0,131072
bucket,few_unique,131072,131064,0,262144
bucket,few_unique,262144,262136,0,524288
libc_qsort,random,16,51,0,0
libc_qsort,random,32,158,0,0
libc_qsort,random,64,343,0,0
libc_qsort,random,128,840,0,0
libc_qsort,random,256,2057,0,0
libc_qsort,random,512,4513,0,0
libc_qsort,random,1024,10648,0,0
libc_qsort,random,2048,22587,0,0
libc_qsort,random,4096,50017,0,0
libc_qsort,random,8192,108653,0,0
libc_qsort,random,16384,241187,0,0
libc_qsort,random,32768,509567,0,0
libc_qsort,random,65536,1071336,0,0
libc_qsort,random,131072,2290261,0,0
libc_qsort,random,262144,4897545,0,0
libc_qsort,sorted,16,33,0,0
libc_qsort,sorted,32,65,0,0
libc_qsort,sorted,64,135,0,0
libc_qsort,sorted,128,263,0,0
libc_qsort,sorted,256,519,0,0
libc_qsort,sorted,512,1031,0,0
libc_qsort,sorted,1024,2055,0,0
libc_qsort,sorted,2048,4103,0,0
libc_qsort,sorted,4096,8199,0,0
libc_qsort,sorted,8192,16391,0,0
libc_qsort,sorted,16384,32775,0,0
libc_qsort,sorted,32768,65543,0,0
libc_qsort,sorted,65536,131079,0,0
libc_qsort,sorted,131072,262151,0,0
libc_qsort,sorted,262144,524295,0,0
libc_qsort,reversed,16,52,0,0
libc_qsort,reversed,32,149,0,0
libc_qsort,reversed,64,460,0,0
libc_qsort,reversed,128,993,0,0
libc_qsort,reversed,256,2193,0,0
libc_qsort,reversed,512,4705,0,0
libc_qsort,reversed,1024,9811,0,0
libc_qsort,reversed,2048,19951,0,0
libc_qsort,reversed,4096,40365,0,0
libc_qsort,reversed,8192,81297,0,0
libc_qsort,reversed,16384,163229,0,0
libc_qsort,reversed,32768,327123,0,0
libc_qsort,reversed,65536,654901,0,0
libc_qsort,reversed,131072,1310405,0,0
libc_qsort,reversed,262144,2621317,0,0
libc_qsort,few_unique,16,35,0,0
libc_qsort,few_unique,32,99,0,0
libc_qsort,few_unique,64,191,0,0
libc_qsort,few_unique,128,370,0,0
libc_qsort,few_unique,256,707,0,0
libc_qsort,few_unique,512,1580,0,0
libc_qsort,few_unique,1024,3016,0,0
libc_qsort,few_unique,2048,5494,0,0
libc_qsort,few_unique,4096,11701,0,0
libc_qsort,few_unique,8192,21649,0,0
libc_qsort,few_unique,16384,47410,0,0
libc_qsort,few_unique,32768,94173,0,0
libc_qsort,few_unique,65536,196811,0,0
libc_qsort,few_unique,131072,344147,0,0
libc_qsort,few_unique,262144,688052,0,0
