algo,input,n,reps,ns_median,ns_per_elem
bubble_naive,random,256,15,29000,113.281
bubble_naive,random,512,15,123375,240.967
bubble_naive,random,1024,15,536583,524.007
bubble_naive,random,2048,15,1665833,813.395
bubble_naive,random,4096,15,4248917,1037.333
bubble_naive,random,8192,7,14173792,1730.199
bubble_naive,random,16384,7,57956333,3537.374
bubble_naive,random,32768,7,240092417,7327.039
bubble_naive,sorted,256,15,10375,40.527
bubble_naive,sorted,512,15,36292,70.883
bubble_naive,sorted,1024,15,133083,129.964
bubble_naive,sorted,2048,15,506375,247.253
bubble_naive,sorted,4096,15,2002458,488.881
bubble_naive,sorted,8192,7,7936958,968.867
bubble_naive,sorted,16384,7,31613458,1929.532
bubble_naive,sorted,32768,7,129404292,3949.106
bubble_naive,reversed,256,15,8667,33.855
bubble_naive,reversed,512,15,32209,62.908
bubble_naive,reversed,1024,15,124708,121.785
bubble_naive,reversed,2048,15,501625,244.934
bubble_naive,reversed,4096,15,1987000,485.107
bubble_naive,reversed,8192,7,7920792,966.894
bubble_naive,reversed,16384,7,31727833,1936.513
bubble_naive,reversed,32768,7,126886083,3872.256
bubble_naive,few_unique,256,15,11666,45.570
bubble_naive,few_unique,512,15,49208,96.109
bubble_naive,few_unique,1024,15,197792,193.156
bubble_naive,few_unique,2048,15,831958,406.229
bubble_naive,few_unique,4096,15,3692375,901.459
bubble_naive,few_unique,8192,7,14683375,1792.404
bubble_naive,few_unique,16384,7,59300500,3619.415
bubble_naive,few_unique,32768,7,239332084,7303.836
bubble_naive,nearly_sorted,256,15,9458,36.945
bubble_naive,nearly_sorted,512,15,39167,76.498
bubble_naive,nearly_sorted,1024,15,135416,132.242
bubble_naive,nearly_sorted,2048,15,581833,284.098
bubble_naive,nearly_sorted,4096,15,2318291,565.989
bubble_naive,nearly_sorted,8192,7,8893917,1085.683
bubble_naive,nearly_sorted,16384,7,36741083,2242.498
bubble_naive,nearly_sorted,32768,7,145372458,4436.415
bubble,random,256,15,11333,44.270
bubble,random,512,15,50666,98.957
bubble,random,1024,15,416208,406.453
bubble,random,2048,15,1897083,926.310
bubble,random,4096,15,6465167,1578.410
bubble,random,8192,7,23778292,2902.624
bubble,random,16384,7,102427375,6251.671
bubble,sorted,256,15,83,0.324
bubble,sorted,512,15,125,0.244
bubble,sorted,1024,15,250,0.244
bubble,sorted,2048,15,458,0.224
bubble,sorted,4096,15,917,0.224
bubble,sorted,8192,7,1833,0.224
bubble,sorted,16384,7,3666,0.224
bubble,sorted,32768,7,7250,0.221
bubble,sorted,65536,7,14541,0.222
bubble,sorted,131072,3,29083,0.222
bubble,sorted,262144,3,58292,0.222
bubble,sorted,524288,3,116458,0.222
bubble,sorted,1048576,3,232708,0.222
bubble,sorted,2097152,3,478667,0.228
bubble,sorted,4194304,3,937125,0.223
bubble,reversed,256,15,35292,137.859
bubble,reversed,512,15,156833,306.314
bubble,reversed,1024,15,661291,645.792
bubble,reversed,2048,15,2715500,1325.928
bubble,reversed,4096,15,11011084,2688.253
bubble,reversed,8192,7,44977833,5490.458
bubble,reversed,16384,7,180780875,11033.989
bubble,few_unique,256,15,10083,39.387
bubble,few_unique,512,15,44417,86.752
bubble,few_unique,1024,15,240375,234.741
bubble,few_unique,2048,15,1223084,597.209
bubble,few_unique,4096,15,4223709,1031.179
bubble,few_unique,8192,7,15224833,1858.500
bubble,few_unique,16384,7,59462167,3629.283
bubble,few_unique,32768,5,398768084,12169.436
bubble,nearly_sorted,256,15,3166,12.367
bubble,nearly_sorted,512,15,27208,53.141
bubble,nearly_sorted,1024,15,118000,115.234
bubble,nearly_sorted,2048,15,471541,230.245
bubble,nearly_sorted,4096,15,2046625,499.664
bubble,nearly_sorted,8192,7,8171333,997.477
bubble,nearly_sorted,16384,7,33637125,2053.047
bubble,nearly_sorted,32768,7,133584125,4076.664
selection,random,256,15,47958,187.336
selection,random,512,15,195875,382.568
selection,random,1024,15,791916,773.355
selection,random,2048,15,3188709,1556.987
selection,random,4096,15,12726166,3106.974
selection,random,8192,7,50032500,6107.483
selection,random,16384,7,192856583,11771.032
selection,sorted,256,15,40000,156.250
selection,sorted,512,15,180750,353.027
selection,sorted,1024,15,769792,751.750
selection,sorted,2048,15,3150666,1538.411
selection,sorted,4096,15,12679792,3095.652
selection,sorted,8192,7,50113333,6117.350
selection,sorted,16384,7,192700542,11761.508
selection,reversed,256,15,42667,166.668
selection,reversed,512,15,184709,360.760
selection,reversed,1024,15,773792,755.656
selection,reversed,2048,15,3169833,1547.770
selection,reversed,4096,15,12774666,3118.815
selection,reversed,8192,7,50752334,6195.353
selection,reversed,16384,7,198293167,12102.854
selection,few_unique,256,15,46542,181.805
selection,few_unique,512,15,190458,371.988
selection,few_unique,1024,15,781166,762.857
selection,few_unique,2048,15,3140334,1533.366
selection,few_unique,4096,15,12579792,3071.238
selection,few_unique,8192,7,49538625,6047.195
selection,few_unique,16384,7,191123500,11665.253
selection,nearly_sorted,256,15,40125,156.738
selection,nearly_sorted,512,15,181000,353.516
selection,nearly_sorted,1024,15,767250,749.268
selection,nearly_sorted,2048,15,3154916,1540.486
selection,nearly_sorted,4096,15,12672750,3093.933
selection,nearly_sorted,8192,7,50042291,6108.678
selection,nearly_sorted,16384,7,192154167,11728.160
insertion,random,256,15,5542,21.648
insertion,random,512,15,19792,38.656
insertion,random,1024,15,72875,71.167
insertion,random,2048,15,286458,139.872
insertion,random,4096,15,1132833,276.571
insertion,random,8192,7,4524375,552.292
insertion,random,16384,7,18083250,1103.714
insertion,random,32768,7,73533583,2244.067
insertion,random,65536,7,297147750,4534.115
insertion,sorted,256,15,84,0.328
insertion,sorted,512,15,167,0.326
insertion,sorted,1024,15,334,0.326
insertion,sorted,2048,15,708,0.346
insertion,sorted,4096,15,1375,0.336
insertion,sorted,8192,7,2750,0.336
insertion,sorted,16384,7,5500,0.336
insertion,sorted,32768,7,10959,0.334
insertion,sorted,65536,7,22042,0.336
insertion,sorted,131072,3,43958,0.335
insertion,sorted,262144,3,85959,0.328
insertion,sorted,524288,3,176625,0.337
insertion,sorted,1048576,3,351208,0.335
insertion,sorted,2097152,3,728291,0.347
insertion,sorted,4194304,3,1404416,0.335
insertion,reversed,256,15,10583,41.340
insertion,reversed,512,15,39375,76.904
insertion,reversed,1024,15,147833,144.368
insertion,reversed,2048,15,581083,283.732
insertion,reversed,4096,15,2337250,570.618
insertion,reversed,8192,7,9088959,1109.492
insertion,reversed,16384,7,36739459,2242.399
insertion,reversed,32768,7,148689292,4537.637
insertion,few_unique,256,15,4875,19.043
insertion,few_unique,512,15,19500,38.086
insertion,few_unique,1024,15,66541,64.981
insertion,few_unique,2048,15,264791,129.292
insertion,few_unique,4096,15,999000,243.896
insertion,few_unique,8192,7,4120375,502.975
insertion,few_unique,16384,7,16576292,1011.737
insertion,few_unique,32768,7,66085750,2016.777
insertion,few_unique,65536,7,264047375,4029.043
insertion,nearly_sorted,256,15,292,1.141
insertion,nearly_sorted,512,15,1125,2.197
insertion,nearly_sorted,1024,15,3209,3.134
insertion,nearly_sorted,2048,15,9542,4.659
insertion,nearly_sorted,4096,15,39042,9.532
insertion,nearly_sorted,8192,7,112166,13.692
insertion,nearly_sorted,16384,7,530334,32.369
insertion,nearly_sorted,32768,7,2102250,64.156
insertion,nearly_sorted,65536,7,8474083,129.304
insertion,nearly_sorted,131072,3,31068500,237.034
insertion,nearly_sorted,262144,3,125241208,477.757
insertion_binary,random,256,15,4833,18.879
insertion_binary,random,512,15,10291,20.100
insertion_binary,random,1024,15,27209,26.571
insertion_binary,random,2048,15,82750,40.405
insertion_binary,random,4096,15,245792,60.008
insertion_binary,random,8192,7,797291,97.326
insertion_binary,random,16384,7,2921084,178.289
insertion_binary,random,32768,7,11121000,339.386
insertion_binary,random,65536,7,50220625,766.306
insertion_binary,random,131072,3,232847708,1776.487
insertion_binary,sorted,256,15,2833,11.066
insertion_binary,sorted,512,15,4917,9.604
insertion_binary,sorted,1024,15,12833,12.532
insertion_binary,sorted,2048,15,30542,14.913
insertion_binary,sorted,4096,15,36125,8.820
insertion_binary,sorted,8192,7,74958,9.150
insertion_binary,sorted,16384,7,170041,10.378
insertion_binary,sorted,32768,7,373625,11.402
insertion_binary,sorted,65536,7,780375,11.908
insertion_binary,sorted,131072,3,1707833,13.030
insertion_binary,sorted,262144,3,3671375,14.005
insertion_binary,sorted,524288,3,7980792,15.222
insertion_binary,sorted,1048576,3,17420834,16.614
insertion_binary,sorted,2097152,3,37666750,17.961
insertion_binary,sorted,4194304,3,81490667,19.429
insertion_binary,reversed,256,15,5375,20.996
insertion_binary,reversed,512,15,13250,25.879
insertion_binary,reversed,1024,15,39083,38.167
insertion_binary,reversed,2048,15,116333,56.803
insertion_binary,reversed,4096,15,386042,94.249
insertion_binary,reversed,8192,7,1373083,167.613
insertion_binary,reversed,16384,7,5421292,330.889
insertion_binary,reversed,32768,7,21318750,650.597
insertion_binary,reversed,65536,7,109168917,1665.785
insertion_binary,few_unique,256,15,4083,15.949
insertion_binary,few_unique,512,15,9625,18.799
insertion_binary,few_unique,1024,15,27125,26.489
insertion_binary,few_unique,2048,15,80042,39.083
insertion_binary,few_unique,4096,15,226709,55.349
insertion_binary,few_unique,8192,7,732792,89.452
insertion_binary,few_unique,16384,7,2576542,157.260
insertion_binary,few_unique,32768,7,9835334,300.151
insertion_binary,few_unique,65536,7,42316542,645.699
insertion_binary,few_unique,131072,3,197138167,1504.045
insertion_binary,nearly_sorted,256,15,2625,10.254
insertion_binary,nearly_sorted,512,15,4458,8.707
insertion_binary,nearly_sorted,1024,15,10708,10.457
insertion_binary,nearly_sorted,2048,15,28583,13.957
insertion_binary,nearly_sorted,4096,15,64000,15.625
insertion_binary,nearly_sorted,8192,7,139959,17.085
insertion_binary,nearly_sorted,16384,7,373583,22.802
insertion_binary,nearly_sorted,32768,7,1056500,32.242
insertion_binary,nearly_sorted,65536,7,3083917,47.057
insertion_binary,nearly_sorted,131072,3,9064583,69.157
insertion_binary,nearly_sorted,262144,3,30126083,114.922
insertion_binary,nearly_sorted,524288,3,103474167,197.361
shell_halving,random,256,15,2375,9.277
shell_halving,random,512,15,5125,10.010
shell_halving,random,1024,15,13042,12.736
shell_halving,random,2048,15,44708,21.830
shell_halving,random,4096,15,131917,32.206
shell_halving,random,8192,7,418750,51.117
shell_halving,random,16384,7,1020500,62.286
shell_halving,random,32768,7,2648000,80.811
shell_halving,random,65536,7,5952459,90.827
shell_halving,random,131072,3,15064500,114.933
shell_halving,random,262144,3,34709166,132.405
shell_halving,random,524288,3,92193833,175.846
shell_halving,random,1048576,3,254849708,243.044
shell_halving,sorted,256,15,666,2.602
shell_halving,sorted,512,15,1417,2.768
shell_halving,sorted,1024,15,3500,3.418
shell_halving,sorted,2048,15,7667,3.744
shell_halving,sorted,4096,15,16667,4.069
shell_halving,sorted,8192,7,36209,4.420
shell_halving,sorted,16384,7,78083,4.766
shell_halving,sorted,32768,7,166458,5.080
shell_halving,sorted,65536,7,350167,5.343
shell_halving,sorted,131072,3,750875,5.729
shell_halving,sorted,262144,3,1581667,6.034
shell_halving,sorted,524288,3,3347750,6.385
shell_halving,sorted,1048576,3,6938125,6.617
shell_halving,sorted,2097152,3,14562958,6.944
shell_halving,sorted,4194304,3,30498292,7.271
shell_halving,reversed,256,15,1125,4.395
shell_halving,reversed,512,15,2459,4.803
shell_halving,reversed,1024,15,5458,5.330
shell_halving,reversed,2048,15,12041,5.879
shell_halving,reversed,4096,15,26250,6.409
shell_halving,reversed,8192,7,56833,6.938
shell_halving,reversed,16384,7,122209,7.459
shell_halving,reversed,32768,7,259750,7.927
shell_halving,reversed,65536,7,552125,8.425
shell_halving,reversed,131072,3,1172917,8.949
shell_halving,reversed,262144,3,2487542,9.489
shell_halving,reversed,524288,3,5260917,10.034
shell_halving,reversed,1048576,3,11923916,11.372
shell_halving,reversed,2097152,3,25001708,11.922
shell_halving,reversed,4194304,3,52125333,12.428
shell_halving,few_unique,256,15,1583,6.184
shell_halving,few_unique,512,15,2750,5.371
shell_halving,few_unique,1024,15,6792,6.633
shell_halving,few_unique,2048,15,15041,7.344
shell_halving,few_unique,4096,15,51209,12.502
shell_halving,few_unique,8192,7,147834,18.046
shell_halving,few_unique,16384,7,363250,22.171
shell_halving,few_unique,32768,7,775792,23.675
shell_halving,few_unique,65536,7,1648875,25.160
shell_halving,few_unique,131072,3,3412250,26.033
shell_halving,few_unique,262144,3,7083208,27.020
shell_halving,few_unique,524288,3,14970291,28.554
shell_halving,few_unique,1048576,3,32959583,31.433
shell_halving,few_unique,2097152,3,70944667,33.829
shell_halving,few_unique,4194304,3,155799541,37.146
shell_halving,nearly_sorted,256,15,792,3.094
shell_halving,nearly_sorted,512,15,1959,3.826
shell_halving,nearly_sorted,1024,15,4750,4.639
shell_halving,nearly_sorted,2048,15,12375,6.042
shell_halving,nearly_sorted,4096,15,31625,7.721
shell_halving,nearly_sorted,8192,7,107375,13.107
shell_halving,nearly_sorted,16384,7,285834,17.446
shell_halving,nearly_sorted,32768,7,752166,22.954
shell_halving,nearly_sorted,65536,7,1910666,29.154
shell_halving,nearly_sorted,131072,3,4198708,32.034
shell_halving,nearly_sorted,262144,3,11222500,42.810
shell_halving,nearly_sorted,524288,3,25744166,49.103
shell_halving,nearly_sorted,1048576,3,68391250,65.223
shell_halving,nearly_sorted,2097152,3,166540125,79.413
shell_ciura,random,256,15,1458,5.695
shell_ciura,random,512,15,3625,7.080
shell_ciura,random,1024,15,9584,9.359
shell_ciura,random,2048,15,35375,17.273
shell_ciura,random,4096,15,132500,32.349
shell_ciura,random,8192,7,347500,42.419
shell_ciura,random,16384,7,737583,45.018
shell_ciura,random,32768,7,1637417,49.970
shell_ciura,random,65536,7,3584042,54.688
shell_ciura,random,131072,3,7732208,58.992
shell_ciura,random,262144,3,16570083,63.210
shell_ciura,random,524288,3,35644666,67.987
shell_ciura,random,1048576,3,76432750,72.892
shell_ciura,random,2097152,3,161861375,77.182
shell_ciura,sorted,256,15,500,1.953
shell_ciura,sorted,512,15,1166,2.277
shell_ciura,sorted,1024,15,2292,2.238
shell_ciura,sorted,2048,15,5083,2.482
shell_ciura,sorted,4096,15,12417,3.031
shell_ciura,sorted,8192,7,27084,3.306
shell_ciura,sorted,16384,7,59042,3.604
shell_ciura,sorted,32768,7,128166,3.911
shell_ciura,sorted,65536,7,274042,4.182
shell_ciura,sorted,131072,3,582917,4.447
shell_ciura,sorted,262144,3,1243375,4.743
shell_ciura,sorted,524288,3,2605875,4.970
shell_ciura,sorted,1048576,3,5459375,5.206
shell_ciura,sorted,2097152,3,11654417,5.557
shell_ciura,sorted,4194304,3,24666417,5.881
shell_ciura,reversed,256,15,792,3.094
shell_ciura,reversed,512,15,1833,3.580
shell_ciura,reversed,1024,15,4250,4.150
shell_ciura,reversed,2048,15,9042,4.415
shell_ciura,reversed,4096,15,20583,5.025
shell_ciura,reversed,8192,7,44666,5.452
shell_ciura,reversed,16384,7,95333,5.819
shell_ciura,reversed,32768,7,203417,6.208
shell_ciura,reversed,65536,7,430750,6.573
shell_ciura,reversed,131072,3,910583,6.947
shell_ciura,reversed,262144,3,1916417,7.311
shell_ciura,reversed,524288,3,4046334,7.718
shell_ciura,reversed,1048576,3,8502292,8.108
shell_ciura,reversed,2097152,3,18278375,8.716
shell_ciura,reversed,4194304,3,37734083,8.997
shell_ciura,few_unique,256,15,792,3.094
shell_ciura,few_unique,512,15,1750,3.418
shell_ciura,few_unique,1024,15,4292,4.191
shell_ciura,few_unique,2048,15,10125,4.944
shell_ciura,few_unique,4096,15,22709,5.544
shell_ciura,few_unique,8192,7,88125,10.757
shell_ciura,few_unique,16384,7,202875,12.383
shell_ciura,few_unique,32768,7,451500,13.779
shell_ciura,few_unique,65536,7,940417,14.350
shell_ciura,few_unique,131072,3,1938667,14.791
shell_ciura,few_unique,262144,3,3983709,15.197
shell_ciura,few_unique,524288,3,8173292,15.589
shell_ciura,few_unique,1048576,3,16902875,16.120
shell_ciura,few_unique,2097152,3,34492875,16.447
shell_ciura,few_unique,4194304,3,70240542,16.747
shell_ciura,nearly_sorted,256,15,625,2.441
shell_ciura,nearly_sorted,512,15,1958,3.824
shell_ciura,nearly_sorted,1024,15,4833,4.720
shell_ciura,nearly_sorted,2048,15,12958,6.327
shell_ciura,nearly_sorted,4096,15,56750,13.855
shell_ciura,nearly_sorted,8192,7,187042,22.832
shell_ciura,nearly_sorted,16384,7,456709,27.875
shell_ciura,nearly_sorted,32768,7,1039250,31.715
shell_ciura,nearly_sorted,65536,7,2361542,36.034
shell_ciura,nearly_sorted,131072,3,5243250,40.003
shell_ciura,nearly_sorted,262144,3,11705166,44.652
shell_ciura,nearly_sorted,524288,3,25656667,48.936
shell_ciura,nearly_sorted,1048576,3,55857417,53.270
shell_ciura,nearly_sorted,2097152,3,121186375,57.786
merge_topdown,random,256,15,2959,11.559
merge_topdown,random,512,15,9709,18.963
merge_topdown,random,1024,15,15625,15.259
merge_topdown,random,2048,15,34750,16.968
merge_topdown,random,4096,15,77250,18.860
merge_topdown,random,8192,7,178417,21.779
merge_topdown,random,16384,7,404833,24.709
merge_topdown,random,32768,7,880750,26.878
merge_topdown,random,65536,7,1917708,29.262
merge_topdown,random,131072,3,4114333,31.390
merge_topdown,random,262144,3,8710583,33.228
merge_topdown,random,524288,3,18314666,34.932
merge_topdown,random,1048576,3,38743083,36.948
merge_topdown,random,2097152,3,81069875,38.657
merge_topdown,random,4194304,3,169078042,40.311
merge_topdown,sorted,256,15,583,2.277
merge_topdown,sorted,512,15,1125,2.197
merge_topdown,sorted,1024,15,2250,2.197
merge_topdown,sorted,2048,15,4042,1.974
merge_topdown,sorted,4096,15,8042,1.963
merge_topdown,sorted,8192,7,18000,2.197
merge_topdown,sorted,16384,7,35875,2.190
merge_topdown,sorted,32768,7,71625,2.186
merge_topdown,sorted,65536,7,141459,2.158
merge_topdown,sorted,131072,3,285250,2.176
merge_topdown,sorted,262144,3,560208,2.137
merge_topdown,sorted,524288,3,1121667,2.139
merge_topdown,sorted,1048576,3,2103750,2.006
merge_topdown,sorted,2097152,3,4331000,2.065
merge_topdown,sorted,4194304,3,8664792,2.066
merge_topdown,reversed,256,15,2250,8.789
merge_topdown,reversed,512,15,8958,17.496
merge_topdown,reversed,1024,15,9834,9.604
merge_topdown,reversed,2048,15,24000,11.719
merge_topdown,reversed,4096,15,47000,11.475
merge_topdown,reversed,8192,7,106250,12.970
merge_topdown,reversed,16384,7,216541,13.217
merge_topdown,reversed,32768,7,460958,14.067
merge_topdown,reversed,65536,7,941041,14.359
merge_topdown,reversed,131072,3,1873917,14.297
merge_topdown,reversed,262144,3,3840125,14.649
merge_topdown,reversed,524288,3,7974875,15.211
merge_topdown,reversed,1048576,3,16123834,15.377
merge_topdown,reversed,2097152,3,32744583,15.614
merge_topdown,reversed,4194304,3,66651208,15.891
merge_topdown,few_unique,256,15,3208,12.531
merge_topdown,few_unique,512,15,9083,17.740
merge_topdown,few_unique,1024,15,15041,14.688
merge_topdown,few_unique,2048,15,33375,16.296
merge_topdown,few_unique,4096,15,73166,17.863
merge_topdown,few_unique,8192,7,163334,19.938
merge_topdown,few_unique,16384,7,366125,22.346
merge_topdown,few_unique,32768,7,766042,23.378
merge_topdown,few_unique,65536,7,1577667,24.073
merge_topdown,few_unique,131072,3,3286125,25.071
merge_topdown,few_unique,262144,3,6890250,26.284
merge_topdown,few_unique,524288,3,13940500,26.589
merge_topdown,few_unique,1048576,3,28400292,27.085
merge_topdown,few_unique,2097152,3,57182292,27.267
merge_topdown,few_unique,4194304,3,116584000,27.796
merge_topdown,nearly_sorted,256,15,1333,5.207
merge_topdown,nearly_sorted,512,15,5334,10.418
merge_topdown,nearly_sorted,1024,15,9083,8.870
merge_topdown,nearly_sorted,2048,15,21416,10.457
merge_topdown,nearly_sorted,4096,15,48792,11.912
merge_topdown,nearly_sorted,8192,7,111750,13.641
merge_topdown,nearly_sorted,16384,7,250833,15.310
merge_topdown,nearly_sorted,32768,7,565333,17.253
merge_topdown,nearly_sorted,65536,7,1241042,18.937
merge_topdown,nearly_sorted,131072,3,2710458,20.679
merge_topdown,nearly_sorted,262144,3,5811958,22.171
merge_topdown,nearly_sorted,524288,3,12438833,23.725
merge_topdown,nearly_sorted,1048576,3,26390500,25.168
merge_topdown,nearly_sorted,2097152,3,55555792,26.491
merge_topdown,nearly_sorted,4194304,3,116632459,27.807
merge_bottomup,random,256,15,3083,12.043
merge_bottomup,random,512,15,9584,18.719
merge_bottomup,random,1024,15,16125,15.747
merge_bottomup,random,2048,15,36458,17.802
merge_bottomup,random,4096,15,82667,20.182
merge_bottomup,random,8192,7,196625,24.002
merge_bottomup,random,16384,7,433208,26.441
merge_bottomup,random,32768,7,932917,28.470
merge_bottomup,random,65536,7,2006459,30.616
merge_bottomup,random,131072,3,4292167,32.747
merge_bottomup,random,262144,3,8999709,34.331
merge_bottomup,random,524288,3,18970667,36.184
merge_bottomup,random,1048576,3,39743708,37.903
merge_bottomup,random,2097152,3,83312959,39.727
merge_bottomup,random,4194304,3,174272417,41.550
merge_bottomup,sorted,256,15,1916,7.484
merge_bottomup,sorted,512,15,4375,8.545
merge_bottomup,sorted,1024,15,9250,9.033
merge_bottomup,sorted,2048,15,20208,9.867
merge_bottomup,sorted,4096,15,43792,10.691
merge_bottomup,sorted,8192,7,84333,10.295
merge_bottomup,sorted,16384,7,167875,10.246
merge_bottomup,sorted,32768,7,410000,12.512
merge_bottomup,sorted,65536,7,788709,12.035
merge_bottomup,sorted,131072,3,1624167,12.391
merge_bottomup,sorted,262144,3,3262583,12.446
merge_bottomup,sorted,524288,3,6919166,13.197
merge_bottomup,sorted,1048576,3,14244042,13.584
merge_bottomup,sorted,2097152,3,28955792,13.807
merge_bottomup,sorted,4194304,3,60133750,14.337
merge_bottomup,reversed,256,15,1833,7.160
merge_bottomup,reversed,512,15,7250,14.160
merge_bottomup,reversed,1024,15,9833,9.603
merge_bottomup,reversed,2048,15,19584,9.562
merge_bottomup,reversed,4096,15,42292,10.325
merge_bottomup,reversed,8192,7,85000,10.376
merge_bottomup,reversed,16384,7,167209,10.206
merge_bottomup,reversed,32768,7,415083,12.667
merge_bottomup,reversed,65536,7,831542,12.688
merge_bottomup,reversed,131072,3,1688375,12.881
merge_bottomup,reversed,262144,3,3339500,12.739
merge_bottomup,reversed,524288,3,6719666,12.817
merge_bottomup,reversed,1048576,3,13709958,13.075
merge_bottomup,reversed,2097152,3,28270667,13.481
merge_bottomup,reversed,4194304,3,59466333,14.178
merge_bottomup,few_unique,256,15,2959,11.559
merge_bottomup,few_unique,512,15,9042,17.660
merge_bottomup,few_unique,1024,15,15667,15.300
merge_bottomup,few_unique,2048,15,35083,17.130
merge_bottomup,few_unique,4096,15,78583,19.185
merge_bottomup,few_unique,8192,7,179292,21.886
merge_bottomup,few_unique,16384,7,375625,22.926
merge_bottomup,few_unique,32768,7,791500,24.155
merge_bottomup,few_unique,65536,7,1628584,24.850
merge_bottomup,few_unique,131072,3,3350042,25.559
merge_bottomup,few_unique,262144,3,6807917,25.970
merge_bottomup,few_unique,524288,3,13980459,26.666
merge_bottomup,few_unique,1048576,3,28608875,27.284
merge_bottomup,few_unique,2097152,3,57639458,27.485
merge_bottomup,few_unique,4194304,3,118248958,28.193
merge_bottomup,nearly_sorted,256,15,2167,8.465
merge_bottomup,nearly_sorted,512,15,6459,12.615
merge_bottomup,nearly_sorted,1024,15,14333,13.997
merge_bottomup,nearly_sorted,2048,15,28375,13.855
merge_bottomup,nearly_sorted,4096,15,63334,15.462
merge_bottomup,nearly_sorted,8192,7,142334,17.375
merge_bottomup,nearly_sorted,16384,7,309084,18.865
merge_bottomup,nearly_sorted,32768,7,701458,21.407
merge_bottomup,nearly_sorted,65536,7,1490000,22.736
merge_bottomup,nearly_sorted,131072,3,3254083,24.827
merge_bottomup,nearly_sorted,262144,3,6853500,26.144
merge_bottomup,nearly_sorted,524288,3,14641542,27.927
merge_bottomup,nearly_sorted,1048576,3,30689250,29.268
merge_bottomup,nearly_sorted,2097152,3,63860125,30.451
merge_bottomup,nearly_sorted,4194304,3,133257416,31.771
quick_lomuto_last,random,256,15,1250,4.883
quick_lomuto_last,random,512,15,3000,5.859
quick_lomuto_last,random,1024,15,7333,7.161
quick_lomuto_last,random,2048,15,16750,8.179
quick_lomuto_last,random,4096,15,59209,14.455
quick_lomuto_last,random,8192,7,185542,22.649
quick_lomuto_last,random,16384,7,472167,28.819
quick_lomuto_last,random,32768,7,1064375,32.482
quick_lomuto_last,random,65536,7,2296958,35.049
quick_lomuto_last,random,131072,3,4902667,37.404
quick_lomuto_last,random,262144,3,10390041,39.635
quick_lomuto_last,random,524288,3,21999375,41.960
quick_lomuto_last,random,1048576,3,46299041,44.154
quick_lomuto_last,random,2097152,3,94925375,45.264
quick_lomuto_last,random,4194304,3,201607584,48.067
quick_lomuto_last,sorted,256,15,12042,47.039
quick_lomuto_last,sorted,512,15,46000,89.844
quick_lomuto_last,sorted,1024,15,182375,178.101
quick_lomuto_last,sorted,2048,15,734750,358.765
quick_lomuto_last,sorted,4096,15,2917750,712.341
quick_lomuto_last,sorted,8192,7,11648458,1421.931
quick_lomuto_last,sorted,16384,7,46082959,2812.681
quick_lomuto_last,sorted,32768,7,185136292,5649.911
quick_lomuto_last,reversed,256,15,10500,41.016
quick_lomuto_last,reversed,512,15,39875,77.881
quick_lomuto_last,reversed,1024,15,153083,149.495
quick_lomuto_last,reversed,2048,15,597625,291.809
quick_lomuto_last,reversed,4096,15,2392750,584.167
quick_lomuto_last,reversed,8192,7,9599417,1171.804
quick_lomuto_last,reversed,16384,7,38266875,2335.625
quick_lomuto_last,reversed,32768,7,152711916,4660.398
quick_lomuto_last,few_unique,256,15,1708,6.672
quick_lomuto_last,few_unique,512,15,5875,11.475
quick_lomuto_last,few_unique,1024,15,20542,20.061
quick_lomuto_last,few_unique,2048,15,74458,36.356
quick_lomuto_last,few_unique,4096,15,268833,65.633
quick_lomuto_last,few_unique,8192,7,1019708,124.476
quick_lomuto_last,few_unique,16384,7,3946667,240.885
quick_lomuto_last,few_unique,32768,7,15442542,471.269
quick_lomuto_last,few_unique,65536,7,60679584,925.897
quick_lomuto_last,few_unique,131072,3,242907583,1853.238
quick_lomuto_last,nearly_sorted,256,15,8333,32.551
quick_lomuto_last,nearly_sorted,512,15,22833,44.596
quick_lomuto_last,nearly_sorted,1024,15,34667,33.854
quick_lomuto_last,nearly_sorted,2048,15,122583,59.855
quick_lomuto_last,nearly_sorted,4096,15,143375,35.004
quick_lomuto_last,nearly_sorted,8192,7,445084,54.332
quick_lomuto_last,nearly_sorted,16384,7,970209,59.217
quick_lomuto_last,nearly_sorted,32768,7,2404958,73.393
quick_lomuto_last,nearly_sorted,65536,7,3686167,56.246
quick_lomuto_last,nearly_sorted,131072,3,12101083,92.324
quick_lomuto_last,nearly_sorted,262144,3,36782459,140.314
quick_lomuto_last,nearly_sorted,524288,3,46118125,87.963
quick_lomuto_last,nearly_sorted,1048576,3,158930542,151.568
quick_hoare_mid,random,256,15,1417,5.535
quick_hoare_mid,random,512,15,3375,6.592
quick_hoare_mid,random,1024,15,8167,7.976
quick_hoare_mid,random,2048,15,18125,8.850
quick_hoare_mid,random,4096,15,47875,11.688
quick_hoare_mid,random,8192,7,171791,20.971
quick_hoare_mid,random,16384,7,543708,33.185
quick_hoare_mid,random,32768,7,1185917,36.191
quick_hoare_mid,random,65536,7,2552417,38.947
quick_hoare_mid,random,131072,3,5466000,41.702
quick_hoare_mid,random,262144,3,11585458,44.195
quick_hoare_mid,random,524288,3,24229291,46.214
quick_hoare_mid,random,1048576,3,50881209,48.524
quick_hoare_mid,random,2097152,3,105183167,50.155
quick_hoare_mid,sorted,256,15,875,3.418
quick_hoare_mid,sorted,512,15,1875,3.662
quick_hoare_mid,sorted,1024,15,4042,3.947
quick_hoare_mid,sorted,2048,15,8625,4.211
quick_hoare_mid,sorted,4096,15,18208,4.445
quick_hoare_mid,sorted,8192,7,38375,4.684
quick_hoare_mid,sorted,16384,7,80417,4.908
quick_hoare_mid,sorted,32768,7,172125,5.253
quick_hoare_mid,sorted,65536,7,376000,5.737
quick_hoare_mid,sorted,131072,3,775083,5.913
quick_hoare_mid,sorted,262144,3,1624209,6.196
quick_hoare_mid,sorted,524288,3,3407625,6.500
quick_hoare_mid,sorted,1048576,3,7021125,6.696
quick_hoare_mid,sorted,2097152,3,14318750,6.828
quick_hoare_mid,sorted,4194304,3,30184375,7.197
quick_hoare_mid,reversed,256,15,875,3.418
quick_hoare_mid,reversed,512,15,1875,3.662
quick_hoare_mid,reversed,1024,15,4042,3.947
quick_hoare_mid,reversed,2048,15,8625,4.211
quick_hoare_mid,reversed,4096,15,18292,4.466
quick_hoare_mid,reversed,8192,7,38375,4.684
quick_hoare_mid,reversed,16384,7,80458,4.911
quick_hoare_mid,reversed,32768,7,168667,5.147
quick_hoare_mid,reversed,65536,7,354709,5.412
quick_hoare_mid,reversed,131072,3,762250,5.816
quick_hoare_mid,reversed,262144,3,1585875,6.050
quick_hoare_mid,reversed,524288,3,3293459,6.282
quick_hoare_mid,reversed,1048576,3,6880709,6.562
quick_hoare_mid,reversed,2097152,3,14271417,6.805
quick_hoare_mid,reversed,4194304,3,29325750,6.992
quick_hoare_mid,few_unique,256,15,1084,4.234
quick_hoare_mid,few_unique,512,15,2459,4.803
quick_hoare_mid,few_unique,1024,15,5250,5.127
quick_hoare_mid,few_unique,2048,15,12291,6.001
quick_hoare_mid,few_unique,4096,15,24833,6.063
quick_hoare_mid,few_unique,8192,7,60458,7.380
quick_hoare_mid,few_unique,16384,7,133541,8.151
quick_hoare_mid,few_unique,32768,7,391500,11.948
quick_hoare_mid,few_unique,65536,7,787584,12.018
quick_hoare_mid,few_unique,131072,3,1602542,12.226
quick_hoare_mid,few_unique,262144,3,3392834,12.943
quick_hoare_mid,few_unique,524288,3,6798917,12.968
quick_hoare_mid,few_unique,1048576,3,14216833,13.558
quick_hoare_mid,few_unique,2097152,3,28152458,13.424
quick_hoare_mid,few_unique,4194304,3,57025542,13.596
quick_hoare_mid,nearly_sorted,256,15,1000,3.906
quick_hoare_mid,nearly_sorted,512,15,2250,4.395
quick_hoare_mid,nearly_sorted,1024,15,4667,4.558
quick_hoare_mid,nearly_sorted,2048,15,9375,4.578
quick_hoare_mid,nearly_sorted,4096,15,22625,5.524
quick_hoare_mid,nearly_sorted,8192,7,41916,5.117
quick_hoare_mid,nearly_sorted,16384,7,97709,5.964
quick_hoare_mid,nearly_sorted,32768,7,197875,6.039
quick_hoare_mid,nearly_sorted,65536,7,417708,6.374
quick_hoare_mid,nearly_sorted,131072,3,879417,6.709
quick_hoare_mid,nearly_sorted,262144,3,1828209,6.974
quick_hoare_mid,nearly_sorted,524288,3,3847375,7.338
quick_hoare_mid,nearly_sorted,1048576,3,7959667,7.591
quick_hoare_mid,nearly_sorted,2097152,3,16624458,7.927
quick_hoare_mid,nearly_sorted,4194304,3,34333292,8.186
quick_median3,random,256,15,958,3.742
quick_median3,random,512,15,2167,4.232
quick_median3,random,1024,15,6125,5.981
quick_median3,random,2048,15,12833,6.266
quick_median3,random,4096,15,46500,11.353
quick_median3,random,8192,7,196666,24.007
quick_median3,random,16384,7,443750,27.084
quick_median3,random,32768,7,1017666,31.057
quick_median3,random,65536,7,2227625,33.991
quick_median3,random,131072,3,4827417,36.830
quick_median3,random,262144,3,10118750,38.600
quick_median3,random,524288,3,21351833,40.725
quick_median3,random,1048576,3,44537917,42.475
quick_median3,random,2097152,3,92597292,44.154
quick_median3,random,4194304,3,199050708,47.457
quick_median3,sorted,256,15,375,1.465
quick_median3,sorted,512,15,958,1.871
quick_median3,sorted,1024,15,2166,2.115
quick_median3,sorted,2048,15,4833,2.360
quick_median3,sorted,4096,15,10625,2.594
quick_median3,sorted,8192,7,23250,2.838
quick_median3,sorted,16384,7,56083,3.423
quick_median3,sorted,32768,7,109292,3.335
quick_median3,sorted,65536,7,235625,3.595
quick_median3,sorted,131072,3,524833,4.004
quick_median3,sorted,262144,3,1092458,4.167
quick_median3,sorted,524288,3,2336583,4.457
quick_median3,sorted,1048576,3,4886791,4.660
quick_median3,sorted,2097152,3,10195625,4.862
quick_median3,sorted,4194304,3,21384250,5.098
quick_median3,reversed,256,15,375,1.465
quick_median3,reversed,512,15,917,1.791
quick_median3,reversed,1024,15,2166,2.115
quick_median3,reversed,2048,15,4833,2.360
quick_median3,reversed,4096,15,10583,2.584
quick_median3,reversed,8192,7,25667,3.133
quick_median3,reversed,16384,7,55750,3.403
quick_median3,reversed,32768,7,107667,3.286
quick_median3,reversed,65536,7,233542,3.564
quick_median3,reversed,131072,3,519583,3.964
quick_median3,reversed,262144,3,1088375,4.152
quick_median3,reversed,524288,3,2289375,4.367
quick_median3,reversed,1048576,3,4846417,4.622
quick_median3,reversed,2097152,3,10198542,4.863
quick_median3,reversed,4194304,3,21267083,5.070
quick_median3,few_unique,256,15,625,2.441
quick_median3,few_unique,512,15,1334,2.605
quick_median3,few_unique,1024,15,3167,3.093
quick_median3,few_unique,2048,15,6750,3.296
quick_median3,few_unique,4096,15,18667,4.557
quick_median3,few_unique,8192,7,59916,7.314
quick_median3,few_unique,16384,7,147541,9.005
quick_median3,few_unique,32768,7,368333,11.241
quick_median3,few_unique,65536,7,719584,10.980
quick_median3,few_unique,131072,3,1528041,11.658
quick_median3,few_unique,262144,3,3065458,11.694
quick_median3,few_unique,524288,3,6049417,11.538
quick_median3,few_unique,1048576,3,12067542,11.509
quick_median3,few_unique,2097152,3,24608542,11.734
quick_median3,few_unique,4194304,3,51780083,12.345
quick_median3,nearly_sorted,256,15,458,1.789
quick_median3,nearly_sorted,512,15,1167,2.279
quick_median3,nearly_sorted,1024,15,2375,2.319
quick_median3,nearly_sorted,2048,15,5417,2.645
quick_median3,nearly_sorted,4096,15,14208,3.469
quick_median3,nearly_sorted,8192,7,31458,3.840
quick_median3,nearly_sorted,16384,7,61625,3.761
quick_median3,nearly_sorted,32768,7,138667,4.232
quick_median3,nearly_sorted,65536,7,300667,4.588
quick_median3,nearly_sorted,131072,3,660791,5.041
quick_median3,nearly_sorted,262144,3,1401333,5.346
quick_median3,nearly_sorted,524288,3,2993417,5.709
quick_median3,nearly_sorted,1048576,3,6495208,6.194
quick_median3,nearly_sorted,2097152,3,13507708,6.441
quick_median3,nearly_sorted,4194304,3,28036833,6.685
quick_3way,random,256,15,1750,6.836
quick_3way,random,512,15,4208,8.219
quick_3way,random,1024,15,10333,10.091
quick_3way,random,2048,15,22125,10.803
quick_3way,random,4096,15,60250,14.709
quick_3way,random,8192,7,260959,31.855
quick_3way,random,16384,7,548292,33.465
quick_3way,random,32768,7,1203000,36.713
quick_3way,random,65536,7,2623334,40.029
quick_3way,random,131072,3,5677375,43.315
quick_3way,random,262144,3,11671333,44.523
quick_3way,random,524288,3,24845833,47.390
quick_3way,random,1048576,3,52637750,50.199
quick_3way,random,2097152,3,108603875,51.786
quick_3way,sorted,256,15,1375,5.371
quick_3way,sorted,512,15,3042,5.941
quick_3way,sorted,1024,15,6625,6.470
quick_3way,sorted,2048,15,14083,6.876
quick_3way,sorted,4096,15,27291,6.663
quick_3way,sorted,8192,7,64459,7.869
quick_3way,sorted,16384,7,129500,7.904
quick_3way,sorted,32768,7,275875,8.419
quick_3way,sorted,65536,7,585833,8.939
quick_3way,sorted,131072,3,1222666,9.328
quick_3way,sorted,262144,3,2564500,9.783
quick_3way,sorted,524288,3,5172333,9.865
quick_3way,sorted,1048576,3,10989708,10.481
quick_3way,sorted,2097152,3,23050208,10.991
quick_3way,sorted,4194304,3,47813041,11.400
quick_3way,reversed,256,15,1250,4.883
quick_3way,reversed,512,15,2583,5.045
quick_3way,reversed,1024,15,5709,5.575
quick_3way,reversed,2048,15,12459,6.083
quick_3way,reversed,4096,15,26667,6.510
quick_3way,reversed,8192,7,64083,7.823
quick_3way,reversed,16384,7,126084,7.696
quick_3way,reversed,32768,7,267416,8.161
quick_3way,reversed,65536,7,581750,8.877
quick_3way,reversed,131072,3,1206625,9.206
quick_3way,reversed,262144,3,2546042,9.712
quick_3way,reversed,524288,3,5344000,10.193
quick_3way,reversed,1048576,3,11153083,10.636
quick_3way,reversed,2097152,3,23224458,11.074
quick_3way,reversed,4194304,3,48269792,11.508
quick_3way,few_unique,256,15,500,1.953
quick_3way,few_unique,512,15,1083,2.115
quick_3way,few_unique,1024,15,2334,2.279
quick_3way,few_unique,2048,15,5417,2.645
quick_3way,few_unique,4096,15,8708,2.126
quick_3way,few_unique,8192,7,29209,3.566
quick_3way,few_unique,16384,7,71875,4.387
quick_3way,few_unique,32768,7,175833,5.366
quick_3way,few_unique,65536,7,348166,5.313
quick_3way,few_unique,131072,3,739500,5.642
quick_3way,few_unique,262144,3,1584167,6.043
quick_3way,few_unique,524288,3,2963208,5.652
quick_3way,few_unique,1048576,3,5889875,5.617
quick_3way,few_unique,2097152,3,12534333,5.977
quick_3way,few_unique,4194304,3,28273542,6.741
quick_3way,nearly_sorted,256,15,1208,4.719
quick_3way,nearly_sorted,512,15,2750,5.371
quick_3way,nearly_sorted,1024,15,6000,5.859
quick_3way,nearly_sorted,2048,15,13292,6.490
quick_3way,nearly_sorted,4096,15,31709,7.741
quick_3way,nearly_sorted,8192,7,64209,7.838
quick_3way,nearly_sorted,16384,7,148417,9.059
quick_3way,nearly_sorted,32768,7,315459,9.627
quick_3way,nearly_sorted,65536,7,683958,10.436
quick_3way,nearly_sorted,131072,3,1492916,11.390
quick_3way,nearly_sorted,262144,3,3172500,12.102
quick_3way,nearly_sorted,524288,3,6668834,12.720
quick_3way,nearly_sorted,1048576,3,14120417,13.466
quick_3way,nearly_sorted,2097152,3,29258084,13.951
quick_3way,nearly_sorted,4194304,3,60559833,14.439
heap,random,256,15,2000,7.812
heap,random,512,15,4209,8.221
heap,random,1024,15,9458,9.236
heap,random,2048,15,22333,10.905
heap,random,4096,15,55708,13.601
heap,random,8192,7,132750,16.205
heap,random,16384,7,295125,18.013
heap,random,32768,7,641292,19.571
heap,random,65536,7,1500667,22.898
heap,random,131072,3,3564500,27.195
heap,random,262144,3,8132375,31.023
heap,random,524288,3,18699083,35.666
heap,random,1048576,3,42909875,40.922
heap,random,2097152,3,94895500,45.250
heap,random,4194304,3,217202250,51.785
heap,sorted,256,15,2083,8.137
heap,sorted,512,15,4625,9.033
heap,sorted,1024,15,10167,9.929
heap,sorted,2048,15,20417,9.969
heap,sorted,4096,15,47250,11.536
heap,sorted,8192,7,104292,12.731
heap,sorted,16384,7,221292,13.507
heap,sorted,32768,7,490792,14.978
heap,sorted,65536,7,1089042,16.617
heap,sorted,131072,3,2395584,18.277
heap,sorted,262144,3,5104125,19.471
heap,sorted,524288,3,11252250,21.462
heap,sorted,1048576,3,23873875,22.768
heap,sorted,2097152,3,51138042,24.385
heap,sorted,4194304,3,106869041,25.480
heap,reversed,256,15,2250,8.789
heap,reversed,512,15,4250,8.301
heap,reversed,1024,15,8875,8.667
heap,reversed,2048,15,18167,8.871
heap,reversed,4096,15,44583,10.885
heap,reversed,8192,7,96709,11.805
heap,reversed,16384,7,224417,13.697
heap,reversed,32768,7,494500,15.091
heap,reversed,65536,7,1112833,16.980
heap,reversed,131072,3,2410709,18.392
heap,reversed,262144,3,5129875,19.569
heap,reversed,524288,3,11143666,21.255
heap,reversed,1048576,3,24158167,23.039
heap,reversed,2097152,3,51581875,24.596
heap,reversed,4194304,3,108821334,25.945
heap,few_unique,256,15,1791,6.996
heap,few_unique,512,15,3917,7.650
heap,few_unique,1024,15,9208,8.992
heap,few_unique,2048,15,17958,8.769
heap,few_unique,4096,15,44250,10.803
heap,few_unique,8192,7,106125,12.955
heap,few_unique,16384,7,245958,15.012
heap,few_unique,32768,7,547458,16.707
heap,few_unique,65536,7,1215750,18.551
heap,few_unique,131072,3,2740584,20.909
heap,few_unique,262144,3,5782417,22.058
heap,few_unique,524288,3,12415167,23.680
heap,few_unique,1048576,3,26459584,25.234
heap,few_unique,2097152,3,55409416,26.421
heap,few_unique,4194304,3,116499167,27.776
heap,nearly_sorted,256,15,2166,8.461
heap,nearly_sorted,512,15,4500,8.789
heap,nearly_sorted,1024,15,10125,9.888
heap,nearly_sorted,2048,15,21958,10.722
heap,nearly_sorted,4096,15,49542,12.095
heap,nearly_sorted,8192,7,110125,13.443
heap,nearly_sorted,16384,7,247250,15.091
heap,nearly_sorted,32768,7,534250,16.304
heap,nearly_sorted,65536,7,1179583,17.999
heap,nearly_sorted,131072,3,2575875,19.652
heap,nearly_sorted,262144,3,5669166,21.626
heap,nearly_sorted,524288,3,11945334,22.784
heap,nearly_sorted,1048576,3,25531333,24.349
heap,nearly_sorted,2097152,3,54001834,25.750
heap,nearly_sorted,4194304,3,114612875,27.326
counting,random,256,15,375,1.465
counting,random,512,15,583,1.139
counting,random,1024,15,1166,1.139
counting,random,2048,15,2334,1.140
counting,random,4096,15,4375,1.068
counting,random,8192,7,11042,1.348
counting,random,16384,7,30333,1.851
counting,random,32768,7,63625,1.942
counting,random,65536,7,149375,2.279
counting,random,131072,3,313209,2.390
counting,random,262144,3,632000,2.411
counting,random,524288,3,1290458,2.461
counting,random,1048576,3,2544250,2.426
counting,random,2097152,3,6131084,2.924
counting,random,4194304,3,21403541,5.103
counting,sorted,256,15,292,1.141
counting,sorted,512,15,541,1.057
counting,sorted,1024,15,1000,0.977
counting,sorted,2048,15,2167,1.058
counting,sorted,4096,15,3750,0.916
counting,sorted,8192,7,8708,1.063
counting,sorted,16384,7,18167,1.109
counting,sorted,32768,7,40458,1.235
counting,sorted,65536,7,77833,1.188
counting,sorted,131072,3,147458,1.125
counting,sorted,262144,3,296084,1.129
counting,sorted,524288,3,584625,1.115
counting,sorted,1048576,3,1186292,1.131
counting,sorted,2097152,3,2379917,1.135
counting,sorted,4194304,3,5118375,1.220
counting,reversed,256,15,292,1.141
counting,reversed,512,15,500,0.977
counting,reversed,1024,15,1000,0.977
counting,reversed,2048,15,2042,0.997
counting,reversed,4096,15,4208,1.027
counting,reversed,8192,7,9667,1.180
counting,reversed,16384,7,20625,1.259
counting,reversed,32768,7,37208,1.135
counting,reversed,65536,7,77959,1.190
counting,reversed,131072,3,149667,1.142
counting,reversed,262144,3,291209,1.111
counting,reversed,524288,3,586083,1.118
counting,reversed,1048576,3,1165584,1.112
counting,reversed,2097152,3,2342542,1.117
counting,reversed,4194304,3,4680916,1.116
counting,few_unique,256,15,458,1.789
counting,few_unique,512,15,708,1.383
counting,few_unique,1024,15,1416,1.383
counting,few_unique,2048,15,2625,1.282
counting,few_unique,4096,15,5292,1.292
counting,few_unique,8192,7,10458,1.277
counting,few_unique,16384,7,23583,1.439
counting,few_unique,32768,7,47875,1.461
counting,few_unique,65536,7,89459,1.365
counting,few_unique,131072,3,186125,1.420
counting,few_unique,262144,3,375084,1.431
counting,few_unique,524288,3,738625,1.409
counting,few_unique,1048576,3,1483209,1.414
counting,few_unique,2097152,3,2977833,1.420
counting,few_unique,4194304,3,5976917,1.425
counting,nearly_sorted,256,15,333,1.301
counting,nearly_sorted,512,15,583,1.139
counting,nearly_sorted,1024,15,1125,1.099
counting,nearly_sorted,2048,15,2417,1.180
counting,nearly_sorted,4096,15,4209,1.028
counting,nearly_sorted,8192,7,9417,1.150
counting,nearly_sorted,16384,7,18792,1.147
counting,nearly_sorted,32768,7,42750,1.305
counting,nearly_sorted,65536,7,78042,1.191
counting,nearly_sorted,131072,3,156292,1.192
counting,nearly_sorted,262144,3,298917,1.140
counting,nearly_sorted,524288,3,610666,1.165
counting,nearly_sorted,1048576,3,1215875,1.160
counting,nearly_sorted,2097152,3,2528917,1.206
counting,nearly_sorted,4194304,3,7232334,1.724
radix_lsd,random,256,15,2458,9.602
radix_lsd,random,512,15,4875,9.521
radix_lsd,random,1024,15,8000,7.812
radix_lsd,random,2048,15,14375,7.019
radix_lsd,random,4096,15,27541,6.724
radix_lsd,random,8192,7,54416,6.643
radix_lsd,random,16384,7,110709,6.757
radix_lsd,random,32768,7,214208,6.537
radix_lsd,random,65536,7,419750,6.405
radix_lsd,random,131072,3,903000,6.889
radix_lsd,random,262144,3,1452792,5.542
radix_lsd,random,524288,3,2636875,5.029
radix_lsd,random,1048576,3,5436875,5.185
radix_lsd,random,2097152,3,10744667,5.123
radix_lsd,random,4194304,3,21601917,5.150
radix_lsd,sorted,256,15,2708,10.578
radix_lsd,sorted,512,15,4042,7.895
radix_lsd,sorted,1024,15,6667,6.511
radix_lsd,sorted,2048,15,13209,6.450
radix_lsd,sorted,4096,15,24959,6.094
radix_lsd,sorted,8192,7,49625,6.058
radix_lsd,sorted,16384,7,100625,6.142
radix_lsd,sorted,32768,7,209042,6.379
radix_lsd,sorted,65536,7,469750,7.168
radix_lsd,sorted,131072,3,842125,6.425
radix_lsd,sorted,262144,3,2418750,9.227
radix_lsd,sorted,524288,3,5388208,10.277
radix_lsd,sorted,1048576,3,16549166,15.783
radix_lsd,sorted,2097152,3,34988958,16.684
radix_lsd,sorted,4194304,3,70569542,16.825
radix_lsd,reversed,256,15,2709,10.582
radix_lsd,reversed,512,15,4292,8.383
radix_lsd,reversed,1024,15,8375,8.179
radix_lsd,reversed,2048,15,13584,6.633
radix_lsd,reversed,4096,15,25250,6.165
radix_lsd,reversed,8192,7,49792,6.078
radix_lsd,reversed,16384,7,100625,6.142
radix_lsd,reversed,32768,7,231667,7.070
radix_lsd,reversed,65536,7,488875,7.460
radix_lsd,reversed,131072,3,932875,7.117
radix_lsd,reversed,262144,3,2423208,9.244
radix_lsd,reversed,524288,3,5373250,10.249
radix_lsd,reversed,1048576,3,16281750,15.527
radix_lsd,reversed,2097152,3,35029292,16.703
radix_lsd,reversed,4194304,3,71386041,17.020
radix_lsd,few_unique,256,15,2917,11.395
radix_lsd,few_unique,512,15,4875,9.521
radix_lsd,few_unique,1024,15,9500,9.277
radix_lsd,few_unique,2048,15,18625,9.094
radix_lsd,few_unique,4096,15,38042,9.288
radix_lsd,few_unique,8192,7,75875,9.262
radix_lsd,few_unique,16384,7,144916,8.845
radix_lsd,few_unique,32768,7,293791,8.966
radix_lsd,few_unique,65536,7,578750,8.831
radix_lsd,few_unique,131072,3,1148041,8.759
radix_lsd,few_unique,262144,3,2300708,8.777
radix_lsd,few_unique,524288,3,4733625,9.029
radix_lsd,few_unique,1048576,3,9397500,8.962
radix_lsd,few_unique,2097152,3,18813250,8.971
radix_lsd,few_unique,4194304,3,37492042,8.939
radix_lsd,nearly_sorted,256,15,2417,9.441
radix_lsd,nearly_sorted,512,15,4041,7.893
radix_lsd,nearly_sorted,1024,15,7584,7.406
radix_lsd,nearly_sorted,2048,15,13791,6.734
radix_lsd,nearly_sorted,4096,15,25625,6.256
radix_lsd,nearly_sorted,8192,7,51166,6.246
radix_lsd,nearly_sorted,16384,7,101083,6.170
radix_lsd,nearly_sorted,32768,7,208500,6.363
radix_lsd,nearly_sorted,65536,7,462459,7.057
radix_lsd,nearly_sorted,131072,3,844666,6.444
radix_lsd,nearly_sorted,262144,3,2480750,9.463
radix_lsd,nearly_sorted,524288,3,5382250,10.266
radix_lsd,nearly_sorted,1048576,3,15348083,14.637
radix_lsd,nearly_sorted,2097152,3,32653625,15.570
radix_lsd,nearly_sorted,4194304,3,64697209,15.425
bucket,random,256,15,1583,6.184
bucket,random,512,15,3084,6.023
bucket,random,1024,15,6625,6.470
bucket,random,2048,15,13958,6.815
bucket,random,4096,15,25584,6.246
bucket,random,8192,7,57500,7.019
bucket,random,16384,7,112750,6.882
bucket,random,32768,7,236333,7.212
bucket,random,65536,7,499208,7.617
bucket,random,131072,3,1196375,9.128
bucket,random,262144,3,2387417,9.107
bucket,random,524288,3,4925375,9.394
bucket,random,1048576,3,10070583,9.604
bucket,random,2097152,3,31028208,14.795
bucket,random,4194304,3,98959208,23.594
bucket,sorted,256,15,1500,5.859
bucket,sorted,512,15,2667,5.209
bucket,sorted,1024,15,5292,5.168
bucket,sorted,2048,15,10583,5.167
bucket,sorted,4096,15,21917,5.351
bucket,sorted,8192,7,47667,5.819
bucket,sorted,16384,7,93750,5.722
bucket,sorted,32768,7,187500,5.722
bucket,sorted,65536,7,368125,5.617
bucket,sorted,131072,3,670125,5.113
bucket,sorted,262144,3,1406208,5.364
bucket,sorted,524288,3,2909458,5.549
bucket,sorted,1048576,3,5877625,5.605
bucket,sorted,2097152,3,11813958,5.633
bucket,sorted,4194304,3,23827084,5.681
bucket,reversed,256,15,1500,5.859
bucket,reversed,512,15,2959,5.779
bucket,reversed,1024,15,5916,5.777
bucket,reversed,2048,15,11750,5.737
bucket,reversed,4096,15,24000,5.859
bucket,reversed,8192,7,47208,5.763
bucket,reversed,16384,7,93958,5.735
bucket,reversed,32768,7,183917,5.613
bucket,reversed,65536,7,368458,5.622
bucket,reversed,131072,3,736167,5.617
bucket,reversed,262144,3,1478875,5.641
bucket,reversed,524288,3,2956625,5.639
bucket,reversed,1048576,3,5971708,5.695
bucket,reversed,2097152,3,11918250,5.683
bucket,reversed,4194304,3,23885666,5.695
bucket,few_unique,256,15,1834,7.164
bucket,few_unique,512,15,3792,7.406
bucket,few_unique,1024,15,7083,6.917
bucket,few_unique,2048,15,13333,6.510
bucket,few_unique,4096,15,29625,7.233
bucket,few_unique,8192,7,60750,7.416
bucket,few_unique,16384,7,108625,6.630
bucket,few_unique,32768,7,224416,6.849
bucket,few_unique,65536,7,456875,6.971
bucket,few_unique,131072,3,922833,7.041
bucket,few_unique,262144,3,1872125,7.142
bucket,few_unique,524288,3,3797375,7.243
bucket,few_unique,1048576,3,7473458,7.127
bucket,few_unique,2097152,3,15180416,7.239
bucket,few_unique,4194304,3,30112750,7.179
bucket,nearly_sorted,256,15,1542,6.023
bucket,nearly_sorted,512,15,3042,5.941
bucket,nearly_sorted,1024,15,5917,5.778
bucket,nearly_sorted,2048,15,10583,5.167
bucket,nearly_sorted,4096,15,24125,5.890
bucket,nearly_sorted,8192,7,47750,5.829
bucket,nearly_sorted,16384,7,93833,5.727
bucket,nearly_sorted,32768,7,185000,5.646
bucket,nearly_sorted,65536,7,367000,5.600
bucket,nearly_sorted,131072,3,746250,5.693
bucket,nearly_sorted,262144,3,1485708,5.668
bucket,nearly_sorted,524288,3,2982791,5.689
bucket,nearly_sorted,1048576,3,5994417,5.717
bucket,nearly_sorted,2097152,3,12586042,6.001
bucket,nearly_sorted,4194304,3,31377958,7.481
libc_qsort,random,256,15,3417,13.348
libc_qsort,random,512,15,7667,14.975
libc_qsort,random,1024,15,16167,15.788
libc_qsort,random,2048,15,43583,21.281
libc_qsort,random,4096,15,126916,30.985
libc_qsort,random,8192,7,300875,36.728
libc_qsort,random,16384,7,690375,42.137
libc_qsort,random,32768,7,1532125,46.757
libc_qsort,random,65536,7,3311584,50.531
libc_qsort,random,131072,3,7242917,55.259
libc_qsort,random,262144,3,15209000,58.018
libc_qsort,random,524288,3,32311875,61.630
libc_qsort,random,1048576,3,68014417,64.864
libc_qsort,random,2097152,3,141405833,67.428
libc_qsort,sorted,256,15,500,1.953
libc_qsort,sorted,512,15,917,1.791
libc_qsort,sorted,1024,15,1834,1.791
libc_qsort,sorted,2048,15,3667,1.791
libc_qsort,sorted,4096,15,7292,1.780
libc_qsort,sorted,8192,7,16250,1.984
libc_qsort,sorted,16384,7,32458,1.981
libc_qsort,sorted,32768,7,58209,1.776
libc_qsort,sorted,65536,7,127291,1.942
libc_qsort,sorted,131072,3,242667,1.851
libc_qsort,sorted,262144,3,498291,1.901
libc_qsort,sorted,524288,3,982917,1.875
libc_qsort,sorted,1048576,3,1980542,1.889
libc_qsort,sorted,2097152,3,3958584,1.888
libc_qsort,sorted,4194304,3,7910708,1.886
libc_qsort,reversed,256,15,3375,13.184
libc_qsort,reversed,512,15,6917,13.510
libc_qsort,reversed,1024,15,12417,12.126
libc_qsort,reversed,2048,15,24375,11.902
libc_qsort,reversed,4096,15,50708,12.380
libc_qsort,reversed,8192,7,98334,12.004
libc_qsort,reversed,16384,7,181584,11.083
libc_qsort,reversed,32768,7,375500,11.459
libc_qsort,reversed,65536,7,744459,11.360
libc_qsort,reversed,131072,3,1457708,11.121
libc_qsort,reversed,262144,3,2805500,10.702
libc_qsort,reversed,524288,3,5301125,10.111
libc_qsort,reversed,1048576,3,10477125,9.992
libc_qsort,reversed,2097152,3,21867875,10.427
libc_qsort,reversed,4194304,3,41814500,9.969
libc_qsort,few_unique,256,15,1250,4.883
libc_qsort,few_unique,512,15,2333,4.557
libc_qsort,few_unique,1024,15,4625,4.517
libc_qsort,few_unique,2048,15,9333,4.557
libc_qsort,few_unique,4096,15,17917,4.374
libc_qsort,few_unique,8192,7,42833,5.229
libc_qsort,few_unique,16384,7,111667,6.816
libc_qsort,few_unique,32768,7,226917,6.925
libc_qsort,few_unique,65536,7,521625,7.959
libc_qsort,few_unique,131072,3,1125875,8.590
libc_qsort,few_unique,262144,3,2293500,8.749
libc_qsort,few_unique,524288,3,4590792,8.756
libc_qsort,few_unique,1048576,3,9216959,8.790
libc_qsort,few_unique,2097152,3,18601500,8.870
libc_qsort,few_unique,4194304,3,37594708,8.963
libc_qsort,nearly_sorted,256,15,2000,7.812
libc_qsort,nearly_sorted,512,15,2583,5.045
libc_qsort,nearly_sorted,1024,15,6250,6.104
libc_qsort,nearly_sorted,2048,15,14750,7.202
libc_qsort,nearly_sorted,4096,15,41167,10.051
libc_qsort,nearly_sorted,8192,7,75041,9.160
libc_qsort,nearly_sorted,16384,7,166708,10.175
libc_qsort,nearly_sorted,32768,7,356334,10.874
libc_qsort,nearly_sorted,65536,7,808542,12.337
libc_qsort,nearly_sorted,131072,3,1747541,13.333
libc_qsort,nearly_sorted,262144,3,3725791,14.213
libc_qsort,nearly_sorted,524288,3,7999416,15.258
libc_qsort,nearly_sorted,1048576,3,17164709,16.370
libc_qsort,nearly_sorted,2097152,3,35941250,17.138
libc_qsort,nearly_sorted,4194304,3,75843666,18.083
