policy,n,reallocs_or_copied,ns_total,ns_per_push
memcpy_double_x2,1024,1016,3375,3.296
memcpy_linear_+1024,1024,0,375,0.366
memcpy_double_x2,2048,2040,1875,0.916
memcpy_linear_+1024,2048,1024,625,0.305
memcpy_double_x2,4096,4088,2417,0.590
memcpy_linear_+1024,4096,6144,2625,0.641
memcpy_double_x2,8192,8184,4334,0.529
memcpy_linear_+1024,8192,28672,10584,1.292
memcpy_double_x2,16384,16376,6833,0.417
memcpy_linear_+1024,16384,122880,13042,0.796
memcpy_double_x2,32768,32760,10583,0.323
memcpy_linear_+1024,32768,507904,41750,1.274
memcpy_double_x2,65536,65528,19833,0.303
memcpy_linear_+1024,65536,2064384,122166,1.864
memcpy_double_x2,131072,131064,39667,0.303
memcpy_linear_+1024,131072,8323072,430334,3.283
memcpy_double_x2,262144,262136,78875,0.301
memcpy_linear_+1024,262144,33423360,1685750,6.431
memcpy_double_x2,524288,524280,158833,0.303
memcpy_linear_+1024,524288,133955584,6459916,12.321
memcpy_double_x2,1048576,1048568,336959,0.321
memcpy_linear_+1024,1048576,536346624,27409000,26.139
memcpy_double_x2,2097152,2097144,670541,0.320
memcpy_double_x2,4194304,4194296,1456833,0.347
double_x2,1024,8,2666,2.604
linear_+1024,1024,1,3792,3.703
linear_+64,1024,16,7375,7.202
double_x2,2048,9,4791,2.339
linear_+1024,2048,2,7084,3.459
linear_+64,2048,32,8125,3.967
double_x2,4096,10,8375,2.045
linear_+1024,4096,4,14584,3.561
linear_+64,4096,64,14916,3.642
double_x2,8192,11,15625,1.907
linear_+1024,8192,8,34167,4.171
linear_+64,8192,128,32375,3.952
double_x2,16384,12,28458,1.737
linear_+1024,16384,16,59916,3.657
linear_+64,16384,256,60583,3.698
double_x2,32768,13,57292,1.748
linear_+1024,32768,32,127667,3.896
linear_+64,32768,512,109750,3.349
double_x2,65536,14,120209,1.834
linear_+1024,65536,64,253500,3.868
linear_+64,65536,1024,177333,2.706
double_x2,131072,15,220583,1.683
linear_+1024,131072,128,460625,3.514
linear_+64,131072,2048,424583,3.239
double_x2,262144,16,474792,1.811
linear_+1024,262144,256,944333,3.602
double_x2,524288,17,955500,1.822
linear_+1024,524288,512,1912417,3.648
double_x2,1048576,18,1992875,1.901
linear_+1024,1048576,1024,4277625,4.079
double_x2,2097152,19,4083292,1.947
double_x2,4194304,20,8243542,1.965
