layout,n,bytes_footprint,ns_per_elem
array,256,1024,0.0774
list_sequential,256,4096,1.1803
list_shuffled,256,4096,2.0269
array,512,2048,0.0912
list_sequential,512,8192,1.6848
list_shuffled,512,8192,1.6855
array,1024,4096,0.0806
list_sequential,1024,16384,1.4426
list_shuffled,1024,16384,1.4458
array,2048,8192,0.0693
list_sequential,2048,32768,1.4404
list_shuffled,2048,32768,1.2808
array,4096,16384,0.0622
list_sequential,4096,65536,1.2770
list_shuffled,4096,65536,1.2217
array,8192,32768,0.0567
list_sequential,8192,131072,1.1441
list_shuffled,8192,131072,1.1628
array,16384,65536,0.0570
list_sequential,16384,262144,1.1775
list_shuffled,16384,262144,6.1849
array,32768,131072,0.0522
list_sequential,32768,524288,1.0649
list_shuffled,32768,524288,7.9651
array,65536,262144,0.0533
list_sequential,65536,1048576,1.0071
list_shuffled,65536,1048576,8.1126
array,131072,524288,0.0460
list_sequential,131072,2097152,0.9413
list_shuffled,131072,2097152,7.8773
array,262144,1048576,0.0435
list_sequential,262144,4194304,0.9535
list_shuffled,262144,4194304,8.6036
array,524288,2097152,0.0392
list_sequential,524288,8388608,0.8441
list_shuffled,524288,8388608,8.6466
array,1048576,4194304,0.0343
list_sequential,1048576,16777216,0.7499
list_shuffled,1048576,16777216,12.2921
array,2097152,8388608,0.0350
list_sequential,2097152,33554432,0.7363
list_shuffled,2097152,33554432,36.6335
array,4194304,16777216,0.0403
list_sequential,4194304,67108864,0.7275
list_shuffled,4194304,67108864,78.0913
array,8388608,33554432,0.0445
list_sequential,8388608,134217728,0.7266
list_shuffled,8388608,134217728,100.6275
array,16777216,67108864,0.0438
list_sequential,16777216,268435456,0.7427
list_shuffled,16777216,268435456,111.2821
